<Physics>
    <Composite name="default" type="standard" numBodies="12" numJoints="0" numMeshes="0">
        <RigidBody name="LeftArmScale_Picking" pos="0.188 1.516 -0.049" rot="-0.7071 -0.0017 -0.0060 0.7071" numShapes="1">
            <BoxShape pos="0.076 0.000 0.000" rot="0.7071 0.0000 0.0000 0.7071" size="0.525 0.174 0.174" mat="Wood" />
        </RigidBody>
        <RigidBody name="RightArmScale_Picking" pos="-0.188 1.516 -0.049" rot="0.7071 0.0060 -0.0017 0.7071" numShapes="1">
            <BoxShape pos="-0.076 0.000 0.000" rot="0.0000 -0.7071 0.7071 0.0000" size="0.525 0.174 0.174" mat="Wood" />
        </RigidBody>
        <RigidBody name="RightLeg_Picking" pos="-0.109 0.563 -0.006" rot="0.5205 0.4787 0.5205 0.4787" numShapes="1">
            <BoxShape pos="-0.273 0.000 0.000" rot="0.0000 -0.0001 1.0000 0.0000" size="0.541 0.200 0.200" mat="Wood" />
        </RigidBody>
        <RigidBody name="LeftLeg_Picking" pos="0.109 0.563 -0.006" rot="-0.4787 0.5205 -0.4787 0.5205" numShapes="1">
            <BoxShape pos="0.273 0.000 0.000" rot="0.0001 0.0000 0.0000 1.0000" size="0.541 0.200 0.200" mat="Wood" />
        </RigidBody>
        <RigidBody name="LeftUpLeg_Picking" pos="0.109 1.021 -0.009" rot="-0.5028 0.4972 -0.5029 0.4971" numShapes="1">
            <BoxShape pos="0.292 0.001 -0.000" rot="-0.9999 -0.0020 0.0000 0.0124" size="0.556 0.212 0.212" mat="Wood" />
        </RigidBody>
        <RigidBody name="RightUpLeg_Picking" pos="-0.109 1.021 -0.009" rot="0.4971 0.5029 0.4972 0.5028" numShapes="1">
            <BoxShape pos="-0.292 -0.001 0.000" rot="0.0020 -0.9999 -0.0124 0.0000" size="0.556 0.212 0.212" mat="Wood" />
        </RigidBody>
        <RigidBody name="Spine3_Picking" pos="-0.000 1.435 -0.056" rot="0.5000 0.5000 0.5000 0.5000" numShapes="1">
            <BoxShape pos="-0.032 0.021 0.000" rot="-0.9985 0.0552 -0.0000 0.0000" size="0.313 0.308 0.429" mat="Wood" />
        </RigidBody>
        <RigidBody name="Spine_Picking" pos="-0.000 1.124 -0.001" rot="0.5000 0.5000 0.5000 0.5000" numShapes="1">
            <BoxShape pos="0.001 -0.000 0.000" rot="0.0000 0.0000 -0.0533 0.9986" size="0.381 0.282 0.415" mat="Wood" />
        </RigidBody>
        <RigidBody name="HeadSCALE_Picking" pos="-0.000 1.712 -0.033" rot="0.5039 0.4961 0.5039 0.4961" numShapes="1">
            <BoxShape pos="0.047 0.011 -0.000" rot="1.0000 0.0000 0.0000 0.0000" size="0.207 0.263 0.263" mat="Wood" />
        </RigidBody>
        <RigidBody name="Neck_Picking" pos="-0.000 1.567 -0.051" rot="0.5000 0.5000 0.5000 0.5000" numShapes="1">
            <BoxShape pos="0.052 0.001 -0.000" rot="0.9999 0.0124 0.0000 0.0000" size="0.104 0.212 0.212" mat="Wood" />
        </RigidBody>
        <RigidBody name="LeftForeArm_Picking" pos="0.467 1.514 -0.046" rot="-0.7059 -0.0355 -0.0421 0.7062" numShapes="1">
            <BoxShape pos="0.220 0.000 0.000" rot="0.7071 0.0000 0.0000 0.7071" size="0.505 0.172 0.172" mat="Wood" />
        </RigidBody>
        <RigidBody name="RightForeArm_Picking" pos="-0.467 1.514 -0.046" rot="0.7062 0.0421 -0.0355 0.7059" numShapes="1">
            <BoxShape pos="-0.220 -0.000 0.000" rot="-0.0000 0.7071 -0.7071 0.0000" size="0.505 0.172 0.172" mat="Wood" />
        </RigidBody>
    </Composite>
</Physics>
