<?xml version="1.0"?>
<?mso-application progid="Excel.Sheet"?>
<Workbook xmlns="urn:schemas-microsoft-com:office:spreadsheet"
 xmlns:o="urn:schemas-microsoft-com:office:office"
 xmlns:x="urn:schemas-microsoft-com:office:excel"
 xmlns:ss="urn:schemas-microsoft-com:office:spreadsheet"
 xmlns:html="http://www.w3.org/TR/REC-html40">
 <DocumentProperties xmlns="urn:schemas-microsoft-com:office:office">
  <Author>Andre Weissflog</Author>
  <LastAuthor> </LastAuthor>
  <Created>2005-07-11T16:14:27Z</Created>
  <LastSaved>2005-12-22T15:26:00Z</LastSaved>
  <Company>Radon Labs GmbH</Company>
  <Version>11.6360</Version>
 </DocumentProperties>
 <OfficeDocumentSettings xmlns="urn:schemas-microsoft-com:office:office">
  <DownloadComponents/>
  <LocationOfComponents HRef="file:///D:\"/>
 </OfficeDocumentSettings>
 <ExcelWorkbook xmlns="urn:schemas-microsoft-com:office:excel">
  <WindowHeight>12315</WindowHeight>
  <WindowWidth>15180</WindowWidth>
  <WindowTopX>285</WindowTopX>
  <WindowTopY>210</WindowTopY>
  <ProtectStructure>False</ProtectStructure>
  <ProtectWindows>False</ProtectWindows>
 </ExcelWorkbook>
 <Styles>
  <Style ss:ID="Default" ss:Name="Normal">
   <Alignment ss:Vertical="Bottom"/>
   <Borders/>
   <Font/>
   <Interior/>
   <NumberFormat/>
   <Protection/>
  </Style>
  <Style ss:ID="s21">
   <Borders>
    <Border ss:Position="Right" ss:LineStyle="Continuous" ss:Weight="1"/>
   </Borders>
  </Style>
  <Style ss:ID="s22">
   <Borders>
    <Border ss:Position="Left" ss:LineStyle="Continuous" ss:Weight="1"/>
    <Border ss:Position="Right" ss:LineStyle="Continuous" ss:Weight="1"/>
   </Borders>
   <Font x:Family="Swiss" ss:Size="8"/>
  </Style>
  <Style ss:ID="s23">
   <Alignment ss:Horizontal="Center" ss:Vertical="Bottom"/>
   <Borders>
    <Border ss:Position="Bottom" ss:LineStyle="Continuous" ss:Weight="1"/>
   </Borders>
   <Font x:Family="Swiss" ss:Size="8" ss:Bold="1"/>
   <Interior ss:Color="#FFFF00" ss:Pattern="Solid"/>
  </Style>
  <Style ss:ID="s24">
   <Alignment ss:Horizontal="Center" ss:Vertical="Bottom"/>
   <Borders>
    <Border ss:Position="Bottom" ss:LineStyle="Continuous" ss:Weight="1"/>
    <Border ss:Position="Right" ss:LineStyle="Continuous" ss:Weight="1"/>
   </Borders>
   <Font x:Family="Swiss" ss:Size="8" ss:Bold="1"/>
   <Interior ss:Color="#FFFF00" ss:Pattern="Solid"/>
  </Style>
  <Style ss:ID="s25">
   <Alignment ss:Horizontal="Center" ss:Vertical="Bottom"/>
   <Borders>
    <Border ss:Position="Bottom" ss:LineStyle="Continuous" ss:Weight="1"/>
    <Border ss:Position="Left" ss:LineStyle="Continuous" ss:Weight="1"/>
    <Border ss:Position="Right" ss:LineStyle="Continuous" ss:Weight="1"/>
   </Borders>
   <Font x:Family="Swiss" ss:Size="8" ss:Bold="1"/>
   <Interior ss:Color="#FFFF00" ss:Pattern="Solid"/>
  </Style>
  <Style ss:ID="s27">
   <Borders>
    <Border ss:Position="Left" ss:LineStyle="Continuous" ss:Weight="1"/>
    <Border ss:Position="Right" ss:LineStyle="Continuous" ss:Weight="1"/>
   </Borders>
   <Font x:Family="Swiss" ss:Size="8"/>
   <Interior/>
  </Style>
  <Style ss:ID="s28">
   <Interior/>
  </Style>
  <Style ss:ID="s29">
   <Borders>
    <Border ss:Position="Right" ss:LineStyle="Continuous" ss:Weight="1"/>
   </Borders>
   <Font x:Family="Swiss" ss:Size="8" ss:Bold="1"/>
   <Interior/>
  </Style>
 </Styles>
 <Worksheet ss:Name="Tabelle1">
  <Table ss:ExpandedColumnCount="2" ss:ExpandedRowCount="64" x:FullColumns="1"
   x:FullRows="1" ss:DefaultColumnWidth="60">
   <Column ss:StyleID="s21" ss:AutoFitWidth="0" ss:Width="120"/>
   <Column ss:StyleID="s22" ss:AutoFitWidth="0" ss:Width="170.25"/>
   <Row ss:AutoFitHeight="0" ss:Height="11.25" ss:StyleID="s23">
    <Cell ss:StyleID="s24"><Data ss:Type="String">State</Data></Cell>
    <Cell ss:StyleID="s25"><Data ss:Type="String">Eagle</Data></Cell>
   </Row>
   <Row ss:StyleID="s28">
    <Cell ss:StyleID="s29"><Data ss:Type="String">Walk</Data></Cell>
    <Cell ss:StyleID="s27"><Data ss:Type="String">fliegen</Data></Cell>
   </Row>
   <Row ss:StyleID="s28">
    <Cell ss:StyleID="s29"><Data ss:Type="String">Run</Data></Cell>
    <Cell ss:StyleID="s27"><Data ss:Type="String">fliegen</Data></Cell>
   </Row>
   <Row ss:StyleID="s28">
    <Cell ss:StyleID="s29"><Data ss:Type="String">Idle</Data></Cell>
    <Cell ss:StyleID="s27"><Data ss:Type="String">gleiten</Data></Cell>
   </Row>
   <Row ss:StyleID="s28">
    <Cell ss:StyleID="s29"/>
    <Cell ss:StyleID="s27"/>
   </Row>
   <Row ss:StyleID="s28">
    <Cell ss:StyleID="s29"/>
    <Cell ss:StyleID="s27"/>
   </Row>
   <Row ss:StyleID="s28">
    <Cell ss:StyleID="s29"/>
    <Cell ss:StyleID="s27"/>
   </Row>
   <Row ss:StyleID="s28">
    <Cell ss:StyleID="s29"/>
    <Cell ss:StyleID="s27"/>
   </Row>
   <Row ss:StyleID="s28">
    <Cell ss:StyleID="s29"/>
    <Cell ss:StyleID="s27"/>
   </Row>
   <Row ss:StyleID="s28">
    <Cell ss:StyleID="s29"/>
    <Cell ss:StyleID="s27"/>
   </Row>
   <Row ss:StyleID="s28">
    <Cell ss:StyleID="s29"/>
    <Cell ss:StyleID="s27"/>
   </Row>
   <Row ss:StyleID="s28">
    <Cell ss:StyleID="s29"/>
    <Cell ss:StyleID="s27"/>
   </Row>
   <Row ss:StyleID="s28">
    <Cell ss:StyleID="s29"/>
    <Cell ss:StyleID="s27"/>
   </Row>
   <Row ss:StyleID="s28">
    <Cell ss:StyleID="s29"/>
    <Cell ss:StyleID="s27"/>
   </Row>
   <Row ss:StyleID="s28">
    <Cell ss:StyleID="s29"/>
    <Cell ss:StyleID="s27"/>
   </Row>
   <Row ss:StyleID="s28">
    <Cell ss:StyleID="s29"/>
    <Cell ss:StyleID="s27"/>
   </Row>
   <Row ss:StyleID="s28">
    <Cell ss:StyleID="s29"/>
    <Cell ss:StyleID="s27"/>
   </Row>
   <Row ss:StyleID="s28">
    <Cell ss:StyleID="s29"/>
    <Cell ss:StyleID="s27"/>
   </Row>
   <Row ss:StyleID="s28">
    <Cell ss:StyleID="s29"/>
    <Cell ss:StyleID="s27"/>
   </Row>
   <Row ss:StyleID="s28">
    <Cell ss:StyleID="s29"/>
    <Cell ss:StyleID="s27"/>
   </Row>
   <Row ss:StyleID="s28">
    <Cell ss:StyleID="s29"/>
    <Cell ss:StyleID="s27"/>
   </Row>
   <Row ss:StyleID="s28">
    <Cell ss:StyleID="s29"/>
    <Cell ss:StyleID="s27"/>
   </Row>
   <Row ss:StyleID="s28">
    <Cell ss:StyleID="s29"/>
    <Cell ss:StyleID="s27"/>
   </Row>
   <Row ss:StyleID="s28">
    <Cell ss:StyleID="s29"/>
    <Cell ss:StyleID="s27"/>
   </Row>
   <Row ss:StyleID="s28">
    <Cell ss:StyleID="s29"/>
    <Cell ss:StyleID="s27"/>
   </Row>
   <Row ss:StyleID="s28">
    <Cell ss:StyleID="s29"/>
    <Cell ss:StyleID="s27"/>
   </Row>
   <Row ss:StyleID="s28">
    <Cell ss:StyleID="s29"/>
    <Cell ss:StyleID="s27"/>
   </Row>
   <Row ss:StyleID="s28">
    <Cell ss:StyleID="s29"/>
    <Cell ss:StyleID="s27"/>
   </Row>
   <Row ss:StyleID="s28">
    <Cell ss:StyleID="s29"/>
    <Cell ss:StyleID="s27"/>
   </Row>
   <Row ss:StyleID="s28">
    <Cell ss:StyleID="s29"/>
    <Cell ss:StyleID="s27"/>
   </Row>
   <Row ss:StyleID="s28">
    <Cell ss:StyleID="s29"/>
    <Cell ss:StyleID="s27"/>
   </Row>
   <Row ss:StyleID="s28">
    <Cell ss:StyleID="s29"/>
    <Cell ss:StyleID="s27"/>
   </Row>
   <Row ss:StyleID="s28">
    <Cell ss:StyleID="s29"/>
    <Cell ss:StyleID="s27"/>
   </Row>
   <Row ss:StyleID="s28">
    <Cell ss:StyleID="s29"/>
    <Cell ss:StyleID="s27"/>
   </Row>
   <Row ss:StyleID="s28">
    <Cell ss:StyleID="s29"/>
    <Cell ss:StyleID="s27"/>
   </Row>
   <Row ss:StyleID="s28">
    <Cell ss:StyleID="s29"/>
    <Cell ss:StyleID="s27"/>
   </Row>
   <Row ss:StyleID="s28">
    <Cell ss:StyleID="s29"/>
    <Cell ss:StyleID="s27"/>
   </Row>
   <Row ss:StyleID="s28">
    <Cell ss:StyleID="s29"/>
    <Cell ss:StyleID="s27"/>
   </Row>
   <Row ss:StyleID="s28">
    <Cell ss:StyleID="s29"/>
    <Cell ss:StyleID="s27"/>
   </Row>
   <Row ss:StyleID="s28">
    <Cell ss:StyleID="s29"/>
    <Cell ss:StyleID="s27"/>
   </Row>
   <Row ss:StyleID="s28">
    <Cell ss:StyleID="s29"/>
    <Cell ss:StyleID="s27"/>
   </Row>
   <Row ss:StyleID="s28">
    <Cell ss:StyleID="s29"/>
    <Cell ss:StyleID="s27"/>
   </Row>
   <Row ss:StyleID="s28">
    <Cell ss:StyleID="s29"/>
    <Cell ss:StyleID="s27"/>
   </Row>
   <Row ss:StyleID="s28">
    <Cell ss:StyleID="s29"/>
    <Cell ss:StyleID="s27"/>
   </Row>
   <Row ss:StyleID="s28">
    <Cell ss:StyleID="s29"/>
    <Cell ss:StyleID="s27"/>
   </Row>
   <Row ss:StyleID="s28">
    <Cell ss:StyleID="s29"/>
    <Cell ss:StyleID="s27"/>
   </Row>
   <Row ss:StyleID="s28">
    <Cell ss:StyleID="s29"/>
    <Cell ss:StyleID="s27"/>
   </Row>
   <Row ss:StyleID="s28">
    <Cell ss:StyleID="s29"/>
    <Cell ss:StyleID="s27"/>
   </Row>
   <Row ss:StyleID="s28">
    <Cell ss:StyleID="s29"/>
    <Cell ss:StyleID="s27"/>
   </Row>
   <Row ss:StyleID="s28">
    <Cell ss:StyleID="s29"/>
    <Cell ss:StyleID="s27"/>
   </Row>
   <Row ss:StyleID="s28">
    <Cell ss:StyleID="s29"/>
    <Cell ss:StyleID="s27"/>
   </Row>
   <Row ss:StyleID="s28">
    <Cell ss:StyleID="s29"/>
    <Cell ss:StyleID="s27"/>
   </Row>
   <Row ss:StyleID="s28">
    <Cell ss:StyleID="s29"/>
    <Cell ss:StyleID="s27"/>
   </Row>
   <Row ss:StyleID="s28">
    <Cell ss:StyleID="s29"/>
    <Cell ss:StyleID="s27"/>
   </Row>
   <Row ss:StyleID="s28">
    <Cell ss:StyleID="s29"/>
    <Cell ss:StyleID="s27"/>
   </Row>
   <Row ss:StyleID="s28">
    <Cell ss:StyleID="s29"/>
    <Cell ss:StyleID="s27"/>
   </Row>
   <Row ss:StyleID="s28">
    <Cell ss:StyleID="s29"/>
    <Cell ss:StyleID="s27"/>
   </Row>
   <Row ss:StyleID="s28">
    <Cell ss:StyleID="s29"/>
    <Cell ss:StyleID="s27"/>
   </Row>
   <Row ss:StyleID="s28">
    <Cell ss:StyleID="s29"/>
    <Cell ss:StyleID="s27"/>
   </Row>
   <Row ss:StyleID="s28">
    <Cell ss:StyleID="s29"/>
    <Cell ss:StyleID="s27"/>
   </Row>
   <Row ss:StyleID="s28">
    <Cell ss:StyleID="s29"/>
    <Cell ss:StyleID="s27"/>
   </Row>
   <Row ss:StyleID="s28">
    <Cell ss:StyleID="s29"/>
    <Cell ss:StyleID="s27"/>
   </Row>
   <Row ss:StyleID="s28">
    <Cell ss:StyleID="s29"/>
    <Cell ss:StyleID="s27"/>
   </Row>
   <Row ss:StyleID="s28">
    <Cell ss:StyleID="s29"/>
    <Cell ss:StyleID="s27"/>
   </Row>
  </Table>
  <WorksheetOptions xmlns="urn:schemas-microsoft-com:office:excel">
   <PageSetup>
    <Header x:Margin="0.4921259845"/>
    <Footer x:Margin="0.4921259845"/>
    <PageMargins x:Bottom="0.984251969" x:Left="0.78740157499999996"
     x:Right="0.78740157499999996" x:Top="0.984251969"/>
   </PageSetup>
   <Print>
    <ValidPrinterInfo/>
    <PaperSizeIndex>9</PaperSizeIndex>
    <VerticalResolution>0</VerticalResolution>
   </Print>
   <Selected/>
   <Panes>
    <Pane>
     <Number>3</Number>
     <ActiveRow>5</ActiveRow>
     <ActiveCol>1</ActiveCol>
    </Pane>
   </Panes>
   <ProtectObjects>False</ProtectObjects>
   <ProtectScenarios>False</ProtectScenarios>
  </WorksheetOptions>
 </Worksheet>
</Workbook>
