<?xml version="1.0"?>
<?mso-application progid="Excel.Sheet"?>
<Workbook xmlns="urn:schemas-microsoft-com:office:spreadsheet"
 xmlns:o="urn:schemas-microsoft-com:office:office"
 xmlns:x="urn:schemas-microsoft-com:office:excel"
 xmlns:ss="urn:schemas-microsoft-com:office:spreadsheet"
 xmlns:html="http://www.w3.org/TR/REC-html40">
 <DocumentProperties xmlns="urn:schemas-microsoft-com:office:office">
  <Author>floh</Author>
  <LastAuthor>martin_mlostek</LastAuthor>
  <Created>2004-06-29T09:20:46Z</Created>
  <LastSaved>2009-02-26T14:19:38Z</LastSaved>
  <Company>Graceland</Company>
  <Version>12.00</Version>
 </DocumentProperties>
 <ExcelWorkbook xmlns="urn:schemas-microsoft-com:office:excel">
  <WindowHeight>12420</WindowHeight>
  <WindowWidth>18540</WindowWidth>
  <WindowTopX>-15</WindowTopX>
  <WindowTopY>-15</WindowTopY>
  <TabRatio>598</TabRatio>
  <RefModeR1C1/>
  <ProtectStructure>False</ProtectStructure>
  <ProtectWindows>False</ProtectWindows>
 </ExcelWorkbook>
 <Styles>
  <Style ss:ID="Default" ss:Name="Normal">
   <Alignment ss:Vertical="Bottom"/>
   <Borders/>
   <Font ss:FontName="Arial" x:Family="Swiss"/>
   <Interior/>
   <NumberFormat/>
   <Protection/>
  </Style>
  <Style ss:ID="s62">
   <Borders/>
   <NumberFormat ss:Format="@"/>
  </Style>
  <Style ss:ID="s63">
   <Alignment ss:Vertical="Bottom"/>
   <Borders>
    <Border ss:Position="Right" ss:LineStyle="Continuous" ss:Weight="1"/>
   </Borders>
   <NumberFormat ss:Format="@"/>
  </Style>
  <Style ss:ID="s64">
   <Borders>
    <Border ss:Position="Left" ss:LineStyle="Continuous" ss:Weight="1"/>
    <Border ss:Position="Right" ss:LineStyle="Continuous" ss:Weight="1"/>
   </Borders>
   <NumberFormat ss:Format="@"/>
  </Style>
  <Style ss:ID="s65">
   <Borders>
    <Border ss:Position="Left" ss:LineStyle="Continuous" ss:Weight="1"/>
   </Borders>
   <NumberFormat ss:Format="@"/>
  </Style>
  <Style ss:ID="s66">
   <Alignment ss:Horizontal="Center" ss:Vertical="Bottom"/>
   <Borders/>
   <Font ss:FontName="Arial" x:Family="Swiss" ss:Size="8" ss:Bold="1"/>
   <Interior ss:Color="#FFFF00" ss:Pattern="Solid"/>
   <NumberFormat ss:Format="@"/>
  </Style>
  <Style ss:ID="s67">
   <Alignment ss:Horizontal="Center" ss:Vertical="Bottom"/>
   <Borders>
    <Border ss:Position="Right" ss:LineStyle="Continuous" ss:Weight="1"/>
   </Borders>
   <Font ss:FontName="Arial" x:Family="Swiss" ss:Size="8" ss:Bold="1"/>
   <Interior ss:Color="#FFFF00" ss:Pattern="Solid"/>
   <NumberFormat ss:Format="@"/>
  </Style>
  <Style ss:ID="s68">
   <Alignment ss:Horizontal="Center" ss:Vertical="Bottom"/>
   <Borders>
    <Border ss:Position="Left" ss:LineStyle="Continuous" ss:Weight="1"/>
    <Border ss:Position="Right" ss:LineStyle="Continuous" ss:Weight="1"/>
   </Borders>
   <Font ss:FontName="Arial" x:Family="Swiss" ss:Size="8" ss:Bold="1"/>
   <Interior ss:Color="#FFFF00" ss:Pattern="Solid"/>
   <NumberFormat ss:Format="@"/>
  </Style>
  <Style ss:ID="s69">
   <Alignment ss:Horizontal="Center" ss:Vertical="Bottom"/>
   <Borders>
    <Border ss:Position="Left" ss:LineStyle="Continuous" ss:Weight="1"/>
    <Border ss:Position="Right" ss:LineStyle="Continuous" ss:Weight="1"/>
   </Borders>
   <Font ss:FontName="Arial" x:Family="Swiss" ss:Size="8" ss:Bold="1"/>
   <Interior ss:Color="#FFFF00" ss:Pattern="Solid"/>
   <NumberFormat ss:Format="@"/>
   <Protection/>
  </Style>
  <Style ss:ID="s70">
   <Alignment ss:Horizontal="Center" ss:Vertical="Bottom"/>
   <Borders>
    <Border ss:Position="Left" ss:LineStyle="Continuous" ss:Weight="1"/>
   </Borders>
   <Font ss:FontName="Arial" x:Family="Swiss" ss:Size="8" ss:Bold="1"/>
   <Interior ss:Color="#FFFF00" ss:Pattern="Solid"/>
   <NumberFormat ss:Format="@"/>
   <Protection/>
  </Style>
  <Style ss:ID="s71">
   <Alignment ss:Horizontal="Center" ss:Vertical="Bottom"/>
   <Borders/>
   <Font ss:FontName="Arial" x:Family="Swiss" ss:Size="8" ss:Bold="1"/>
   <Interior ss:Color="#FFFF00" ss:Pattern="Solid"/>
   <NumberFormat ss:Format="@"/>
   <Protection/>
  </Style>
  <Style ss:ID="s72">
   <Alignment ss:Horizontal="Center" ss:Vertical="Bottom"/>
   <Borders>
    <Border ss:Position="Left" ss:LineStyle="Continuous" ss:Weight="1"/>
   </Borders>
   <Font ss:FontName="Arial" x:Family="Swiss" ss:Size="8" ss:Bold="1"/>
   <Interior ss:Color="#FFFF00" ss:Pattern="Solid"/>
   <NumberFormat ss:Format="@"/>
  </Style>
  <Style ss:ID="s73">
   <Alignment ss:Horizontal="Center" ss:Vertical="Bottom"/>
   <Borders>
    <Border ss:Position="Bottom" ss:LineStyle="Continuous" ss:Weight="1"/>
   </Borders>
   <Font ss:FontName="Arial" x:Family="Swiss" ss:Size="8" ss:Bold="1"/>
   <Interior ss:Color="#FFFF00" ss:Pattern="Solid"/>
   <NumberFormat ss:Format="@"/>
  </Style>
  <Style ss:ID="s74">
   <Alignment ss:Horizontal="Center" ss:Vertical="Bottom"/>
   <Borders>
    <Border ss:Position="Bottom" ss:LineStyle="Continuous" ss:Weight="1"/>
    <Border ss:Position="Right" ss:LineStyle="Continuous" ss:Weight="1"/>
   </Borders>
   <Font ss:FontName="Arial" x:Family="Swiss" ss:Size="8" ss:Bold="1"/>
   <Interior ss:Color="#FFFF00" ss:Pattern="Solid"/>
   <NumberFormat ss:Format="@"/>
  </Style>
  <Style ss:ID="s75">
   <Alignment ss:Horizontal="Center" ss:Vertical="Bottom"/>
   <Borders>
    <Border ss:Position="Bottom" ss:LineStyle="Continuous" ss:Weight="1"/>
    <Border ss:Position="Left" ss:LineStyle="Continuous" ss:Weight="1"/>
    <Border ss:Position="Right" ss:LineStyle="Continuous" ss:Weight="1"/>
   </Borders>
   <Font ss:FontName="Arial" x:Family="Swiss" ss:Size="8" ss:Bold="1"/>
   <Interior ss:Color="#FFFF00" ss:Pattern="Solid"/>
   <NumberFormat ss:Format="@"/>
  </Style>
  <Style ss:ID="s76">
   <Alignment ss:Horizontal="Center" ss:Vertical="Bottom"/>
   <Borders>
    <Border ss:Position="Bottom" ss:LineStyle="Continuous" ss:Weight="1"/>
    <Border ss:Position="Left" ss:LineStyle="Continuous" ss:Weight="1"/>
   </Borders>
   <Font ss:FontName="Arial" x:Family="Swiss" ss:Size="8" ss:Bold="1"/>
   <Interior ss:Color="#FFFF00" ss:Pattern="Solid"/>
   <NumberFormat ss:Format="@"/>
  </Style>
 </Styles>
 <Worksheet ss:Name=".AnimEventVibration">
  <Table ss:ExpandedColumnCount="13" ss:ExpandedRowCount="12" x:FullColumns="1"
   x:FullRows="1" ss:StyleID="s62" ss:DefaultColumnWidth="60">
   <Column ss:StyleID="s63" ss:Width="146.25"/>
   <Column ss:StyleID="s64" ss:Width="78"/>
   <Column ss:StyleID="s64" ss:Width="76.5"/>
   <Column ss:StyleID="s64" ss:Width="78"/>
   <Column ss:StyleID="s64" ss:Width="76.5"/>
   <Column ss:StyleID="s65" ss:AutoFitWidth="0"/>
   <Row ss:AutoFitHeight="0" ss:Height="11.25" ss:StyleID="s66">
    <Cell ss:StyleID="s67"><Data ss:Type="String">AnimEventName</Data><Comment
      ss:Author="Andre Weissflog"><ss:Data
       xmlns="http://www.w3.org/TR/REC-html40"><B><Font html:Face="Tahoma"
         x:Family="Swiss" html:Size="8" html:Color="#000000">Andre Weissflog:</Font></B><Font
        html:Face="Tahoma" x:Family="Swiss" html:Size="8" html:Color="#000000">&#10;Das entspricht dem Namen des Levels in der Datenbank, als Filename ohne Extension.&#10;</Font></ss:Data></Comment></Cell>
    <Cell ss:StyleID="s68"><Data ss:Type="String">HighFreqIntensity</Data><Comment
      ss:Author="Andre Weissflog"><ss:Data
       xmlns="http://www.w3.org/TR/REC-html40"><B><Font html:Face="Tahoma"
         x:Family="Swiss" html:Size="8" html:Color="#000000">Andre Weissflog:</Font></B><Font
        html:Face="Tahoma" x:Family="Swiss" html:Size="8" html:Color="#000000">&#10;Der im Spiel angezeigte Name fuer die Location.&#10;</Font></ss:Data></Comment></Cell>
    <Cell ss:StyleID="s68"><Data ss:Type="String">HighFreqDuration</Data></Cell>
    <Cell ss:StyleID="s69"><Data ss:Type="String">LowFreqIntensity</Data></Cell>
    <Cell ss:StyleID="s69"><Data ss:Type="String">LowFreqDuration</Data></Cell>
    <Cell ss:StyleID="s70"><Data ss:Type="String">PlayerIndex</Data></Cell>
    <Cell ss:StyleID="s71"/>
    <Cell ss:StyleID="s71"/>
    <Cell ss:StyleID="s71"/>
    <Cell ss:StyleID="s71"/>
    <Cell ss:StyleID="s71"/>
    <Cell ss:StyleID="s71"/>
    <Cell ss:StyleID="s71"/>
   </Row>
   <Row ss:AutoFitHeight="0" ss:Height="11.25" ss:StyleID="s66">
    <Cell ss:StyleID="s67"><Data ss:Type="String">string</Data></Cell>
    <Cell ss:StyleID="s68"><Data ss:Type="String">float</Data></Cell>
    <Cell ss:StyleID="s68"><Data ss:Type="String">float</Data></Cell>
    <Cell ss:StyleID="s68"><Data ss:Type="String">float</Data></Cell>
    <Cell ss:StyleID="s68"><Data ss:Type="String">float</Data></Cell>
    <Cell ss:StyleID="s72"><Data ss:Type="String">int</Data></Cell>
   </Row>
   <Row ss:AutoFitHeight="0" ss:Height="11.25" ss:StyleID="s73">
    <Cell ss:StyleID="s74"><Data ss:Type="String">class</Data></Cell>
    <Cell ss:StyleID="s75"><Data ss:Type="String">class</Data></Cell>
    <Cell ss:StyleID="s75"><Data ss:Type="String">class</Data></Cell>
    <Cell ss:StyleID="s75"><Data ss:Type="String">class</Data></Cell>
    <Cell ss:StyleID="s75"><Data ss:Type="String">class</Data></Cell>
    <Cell ss:StyleID="s76"><Data ss:Type="String">class</Data></Cell>
   </Row>
   <Row>
    <Cell><Data ss:Type="String">code_emitted_player_hit_light</Data></Cell>
    <Cell><Data ss:Type="String">5</Data></Cell>
    <Cell><Data ss:Type="String">0.2</Data></Cell>
    <Cell><Data ss:Type="String">0</Data></Cell>
    <Cell><Data ss:Type="String">0</Data></Cell>
    <Cell><Data ss:Type="String">-1</Data></Cell>
   </Row>
   <Row>
    <Cell><Data ss:Type="String">code_emitted_player_hit_heavy</Data></Cell>
    <Cell><Data ss:Type="String">0</Data></Cell>
    <Cell><Data ss:Type="String">0</Data></Cell>
    <Cell><Data ss:Type="String">0</Data></Cell>
    <Cell><Data ss:Type="String">0</Data></Cell>
    <Cell><Data ss:Type="String">-1</Data></Cell>
   </Row>
   <Row>
    <Cell><Data ss:Type="String">code_emitted_player_attack</Data></Cell>
    <Cell><Data ss:Type="String">0</Data></Cell>
    <Cell><Data ss:Type="String">0</Data></Cell>
    <Cell><Data ss:Type="String">0</Data></Cell>
    <Cell><Data ss:Type="String">0</Data></Cell>
    <Cell><Data ss:Type="String">-1</Data></Cell>
   </Row>
   <Row>
    <Cell><Data ss:Type="String">code_emitted_player_death</Data></Cell>
    <Cell><Data ss:Type="String">0</Data></Cell>
    <Cell><Data ss:Type="String">0</Data></Cell>
    <Cell><Data ss:Type="String">0</Data></Cell>
    <Cell><Data ss:Type="String">0</Data></Cell>
    <Cell><Data ss:Type="String">-1</Data></Cell>
   </Row>
   <Row>
    <Cell><Data ss:Type="String">code_emitted_enemy_hit_light</Data></Cell>
    <Cell><Data ss:Type="String">0</Data></Cell>
    <Cell><Data ss:Type="String">0</Data></Cell>
    <Cell><Data ss:Type="String">5</Data></Cell>
    <Cell><Data ss:Type="String">0.2</Data></Cell>
    <Cell><Data ss:Type="String">-1</Data></Cell>
   </Row>
   <Row>
    <Cell><Data ss:Type="String">code_emitted_enemy_hit_heavy</Data></Cell>
    <Cell><Data ss:Type="String">0</Data></Cell>
    <Cell><Data ss:Type="String">0</Data></Cell>
    <Cell><Data ss:Type="String">0</Data></Cell>
    <Cell><Data ss:Type="String">0</Data></Cell>
    <Cell><Data ss:Type="String">-1</Data></Cell>
   </Row>
   <Row>
    <Cell><Data ss:Type="String">code_emitted_enemy_attack</Data></Cell>
    <Cell><Data ss:Type="String">0</Data></Cell>
    <Cell><Data ss:Type="String">0</Data></Cell>
    <Cell><Data ss:Type="String">0</Data></Cell>
    <Cell><Data ss:Type="String">0</Data></Cell>
    <Cell><Data ss:Type="String">-1</Data></Cell>
   </Row>
   <Row>
    <Cell><Data ss:Type="String">code_emitted_enemy_death</Data></Cell>
    <Cell><Data ss:Type="String">0</Data></Cell>
    <Cell><Data ss:Type="String">0</Data></Cell>
    <Cell><Data ss:Type="String">0</Data></Cell>
    <Cell><Data ss:Type="String">0</Data></Cell>
    <Cell><Data ss:Type="String">-1</Data></Cell>
   </Row>
   <Row>
    <Cell><Data ss:Type="String">jump_attack_smash</Data></Cell>
    <Cell><Data ss:Type="String">5</Data></Cell>
    <Cell><Data ss:Type="String">0.1</Data></Cell>
    <Cell><Data ss:Type="String">5</Data></Cell>
    <Cell><Data ss:Type="String">0.2</Data></Cell>
    <Cell><Data ss:Type="String">-1</Data></Cell>
   </Row>
  </Table>
  <WorksheetOptions xmlns="urn:schemas-microsoft-com:office:excel">
   <PageSetup>
    <Header x:Margin="0.4921259845"/>
    <Footer x:Margin="0.4921259845"/>
    <PageMargins x:Bottom="0.984251969" x:Left="0.78740157499999996"
     x:Right="0.78740157499999996" x:Top="0.984251969"/>
   </PageSetup>
   <Print>
    <ValidPrinterInfo/>
    <PaperSizeIndex>9</PaperSizeIndex>
    <HorizontalResolution>600</HorizontalResolution>
    <VerticalResolution>600</VerticalResolution>
   </Print>
   <Selected/>
   <Panes>
    <Pane>
     <Number>3</Number>
     <ActiveRow>12</ActiveRow>
     <ActiveCol>4</ActiveCol>
    </Pane>
   </Panes>
   <ProtectObjects>False</ProtectObjects>
   <ProtectScenarios>False</ProtectScenarios>
  </WorksheetOptions>
 </Worksheet>
</Workbook>
