<?xml version="1.0"?>
<?mso-application progid="Excel.Sheet"?>
<Workbook xmlns="urn:schemas-microsoft-com:office:spreadsheet"
 xmlns:o="urn:schemas-microsoft-com:office:office"
 xmlns:x="urn:schemas-microsoft-com:office:excel"
 xmlns:ss="urn:schemas-microsoft-com:office:spreadsheet"
 xmlns:html="http://www.w3.org/TR/REC-html40">
 <DocumentProperties xmlns="urn:schemas-microsoft-com:office:office">
  <Author>eRiC</Author>
  <LastAuthor>eRiC</LastAuthor>
  <Created>2008-07-07T16:22:54Z</Created>
  <LastSaved>2009-03-13T18:00:27Z</LastSaved>
  <Company>RadonLabs</Company>
  <Version>12.00</Version>
 </DocumentProperties>
 <ExcelWorkbook xmlns="urn:schemas-microsoft-com:office:excel">
  <WindowHeight>10230</WindowHeight>
  <WindowWidth>15975</WindowWidth>
  <WindowTopX>210</WindowTopX>
  <WindowTopY>45</WindowTopY>
  <RefModeR1C1/>
  <ProtectStructure>False</ProtectStructure>
  <ProtectWindows>False</ProtectWindows>
 </ExcelWorkbook>
 <Styles>
  <Style ss:ID="Default" ss:Name="Normal">
   <Alignment ss:Vertical="Bottom"/>
   <Borders/>
   <Font ss:FontName="Arial"/>
   <Interior/>
   <NumberFormat/>
   <Protection/>
  </Style>
  <Style ss:ID="s62">
   <Borders>
    <Border ss:Position="Right" ss:LineStyle="Continuous" ss:Weight="1"/>
   </Borders>
  </Style>
  <Style ss:ID="s63">
   <Borders>
    <Border ss:Position="Left" ss:LineStyle="Continuous" ss:Weight="1"/>
    <Border ss:Position="Right" ss:LineStyle="Continuous" ss:Weight="1"/>
   </Borders>
  </Style>
  <Style ss:ID="s64">
   <Borders>
    <Border ss:Position="Left" ss:LineStyle="Continuous" ss:Weight="1"/>
    <Border ss:Position="Right" ss:LineStyle="Continuous" ss:Weight="1"/>
   </Borders>
   <NumberFormat ss:Format="@"/>
  </Style>
  <Style ss:ID="s65">
   <Borders>
    <Border ss:Position="Left" ss:LineStyle="Continuous" ss:Weight="1"/>
   </Borders>
  </Style>
  <Style ss:ID="s66">
   <Alignment ss:Horizontal="Center" ss:Vertical="Center"/>
   <Borders/>
   <Font ss:FontName="Arial" x:Family="Swiss" ss:Size="8" ss:Bold="1"/>
   <Interior ss:Color="#FFFF00" ss:Pattern="Solid"/>
   <NumberFormat/>
  </Style>
  <Style ss:ID="s67">
   <Alignment ss:Horizontal="Center" ss:Vertical="Center"/>
   <Borders>
    <Border ss:Position="Right" ss:LineStyle="Continuous" ss:Weight="1"/>
   </Borders>
   <Font ss:FontName="Arial" x:Family="Swiss" ss:Size="8" ss:Bold="1"/>
   <Interior ss:Color="#FFFF00" ss:Pattern="Solid"/>
   <NumberFormat/>
  </Style>
  <Style ss:ID="s68">
   <Alignment ss:Horizontal="Center" ss:Vertical="Center"/>
   <Borders>
    <Border ss:Position="Left" ss:LineStyle="Continuous" ss:Weight="1"/>
    <Border ss:Position="Right" ss:LineStyle="Continuous" ss:Weight="1"/>
   </Borders>
   <Font ss:FontName="Arial" x:Family="Swiss" ss:Size="8" ss:Bold="1"/>
   <Interior ss:Color="#FFFF00" ss:Pattern="Solid"/>
   <NumberFormat/>
  </Style>
  <Style ss:ID="s69">
   <Alignment ss:Horizontal="Center" ss:Vertical="Center"/>
   <Borders>
    <Border ss:Position="Left" ss:LineStyle="Continuous" ss:Weight="1"/>
    <Border ss:Position="Right" ss:LineStyle="Continuous" ss:Weight="1"/>
   </Borders>
   <Font ss:FontName="Arial" x:Family="Swiss" ss:Size="8" ss:Bold="1"/>
   <Interior ss:Color="#FFFF00" ss:Pattern="Solid"/>
   <NumberFormat ss:Format="@"/>
  </Style>
  <Style ss:ID="s70">
   <Alignment ss:Horizontal="Center" ss:Vertical="Center"/>
   <Borders>
    <Border ss:Position="Left" ss:LineStyle="Continuous" ss:Weight="1"/>
   </Borders>
   <Font ss:FontName="Arial" x:Family="Swiss" ss:Size="8" ss:Bold="1"/>
   <Interior ss:Color="#FFFF00" ss:Pattern="Solid"/>
   <NumberFormat/>
  </Style>
  <Style ss:ID="s71">
   <Alignment ss:Horizontal="Center" ss:Vertical="Bottom"/>
   <Borders/>
   <Font ss:FontName="Arial" x:Family="Swiss" ss:Size="8" ss:Bold="1"/>
   <Interior ss:Color="#FFFF00" ss:Pattern="Solid"/>
  </Style>
  <Style ss:ID="s73">
   <Alignment ss:Horizontal="Center" ss:Vertical="Bottom"/>
   <Borders>
    <Border ss:Position="Right" ss:LineStyle="Continuous" ss:Weight="1"/>
   </Borders>
   <Font ss:FontName="Arial" x:Family="Swiss" ss:Size="8" ss:Bold="1"/>
   <Interior ss:Color="#FFFF00" ss:Pattern="Solid"/>
  </Style>
  <Style ss:ID="s74">
   <Alignment ss:Horizontal="Center" ss:Vertical="Bottom"/>
   <Borders>
    <Border ss:Position="Left" ss:LineStyle="Continuous" ss:Weight="1"/>
    <Border ss:Position="Right" ss:LineStyle="Continuous" ss:Weight="1"/>
   </Borders>
   <Font ss:FontName="Arial" x:Family="Swiss" ss:Size="8" ss:Bold="1"/>
   <Interior ss:Color="#FFFF00" ss:Pattern="Solid"/>
   <NumberFormat ss:Format="@"/>
  </Style>
  <Style ss:ID="s75">
   <Alignment ss:Horizontal="Center" ss:Vertical="Bottom"/>
   <Borders>
    <Border ss:Position="Left" ss:LineStyle="Continuous" ss:Weight="1"/>
   </Borders>
   <Font ss:FontName="Arial" x:Family="Swiss" ss:Size="8" ss:Bold="1"/>
   <Interior ss:Color="#FFFF00" ss:Pattern="Solid"/>
  </Style>
  <Style ss:ID="s76">
   <Alignment ss:Horizontal="Center" ss:Vertical="Bottom"/>
   <Borders>
    <Border ss:Position="Bottom" ss:LineStyle="Continuous" ss:Weight="1"/>
   </Borders>
   <Font ss:FontName="Arial" x:Family="Swiss" ss:Size="8" ss:Bold="1"/>
   <Interior ss:Color="#FFFF00" ss:Pattern="Solid"/>
  </Style>
  <Style ss:ID="s78">
   <Alignment ss:Horizontal="Center" ss:Vertical="Bottom"/>
   <Borders>
    <Border ss:Position="Bottom" ss:LineStyle="Continuous" ss:Weight="1"/>
    <Border ss:Position="Right" ss:LineStyle="Continuous" ss:Weight="1"/>
   </Borders>
   <Font ss:FontName="Arial" x:Family="Swiss" ss:Size="8" ss:Bold="1"/>
   <Interior ss:Color="#FFFF00" ss:Pattern="Solid"/>
  </Style>
  <Style ss:ID="s79">
   <Alignment ss:Horizontal="Center" ss:Vertical="Bottom"/>
   <Borders>
    <Border ss:Position="Bottom" ss:LineStyle="Continuous" ss:Weight="1"/>
    <Border ss:Position="Left" ss:LineStyle="Continuous" ss:Weight="1"/>
    <Border ss:Position="Right" ss:LineStyle="Continuous" ss:Weight="1"/>
   </Borders>
   <Font ss:FontName="Arial" x:Family="Swiss" ss:Size="8" ss:Bold="1"/>
   <Interior ss:Color="#FFFF00" ss:Pattern="Solid"/>
   <NumberFormat ss:Format="@"/>
  </Style>
  <Style ss:ID="s80">
   <Alignment ss:Horizontal="Center" ss:Vertical="Bottom"/>
   <Borders>
    <Border ss:Position="Bottom" ss:LineStyle="Continuous" ss:Weight="1"/>
    <Border ss:Position="Left" ss:LineStyle="Continuous" ss:Weight="1"/>
   </Borders>
   <Font ss:FontName="Arial" x:Family="Swiss" ss:Size="8" ss:Bold="1"/>
   <Interior ss:Color="#FFFF00" ss:Pattern="Solid"/>
  </Style>
  <Style ss:ID="s81">
   <Borders>
    <Border ss:Position="Right" ss:LineStyle="Continuous" ss:Weight="1"/>
   </Borders>
   <Interior/>
  </Style>
  <Style ss:ID="s85">
   <Interior/>
  </Style>
  <Style ss:ID="s86">
   <Alignment ss:Vertical="Bottom" ss:WrapText="1"/>
   <Borders>
    <Border ss:Position="Left" ss:LineStyle="Continuous" ss:Weight="1"/>
    <Border ss:Position="Right" ss:LineStyle="Continuous" ss:Weight="1"/>
   </Borders>
   <Interior/>
  </Style>
  <Style ss:ID="s87">
   <Borders>
    <Border ss:Position="Left" ss:LineStyle="Continuous" ss:Weight="1"/>
    <Border ss:Position="Right" ss:LineStyle="Continuous" ss:Weight="1"/>
   </Borders>
   <Font ss:FontName="Arial" x:Family="Swiss"/>
   <Interior/>
  </Style>
  <Style ss:ID="s88">
   <Borders>
    <Border ss:Position="Left" ss:LineStyle="Continuous" ss:Weight="1"/>
    <Border ss:Position="Right" ss:LineStyle="Continuous" ss:Weight="1"/>
   </Borders>
   <Font ss:FontName="Arial" x:Family="Swiss"/>
   <Interior/>
   <NumberFormat ss:Format="@"/>
  </Style>
  <Style ss:ID="s89">
   <Borders>
    <Border ss:Position="Left" ss:LineStyle="Continuous" ss:Weight="1"/>
   </Borders>
   <Font ss:FontName="Arial" x:Family="Swiss"/>
   <Interior/>
  </Style>
  <Style ss:ID="s90">
   <Font ss:FontName="Arial" x:Family="Swiss"/>
   <Interior/>
  </Style>
  <Style ss:ID="s91">
   <Borders>
    <Border ss:Position="Right" ss:LineStyle="Continuous" ss:Weight="1"/>
   </Borders>
   <Font ss:FontName="Arial" x:Family="Swiss"/>
   <Interior/>
  </Style>
  <Style ss:ID="s92">
   <Borders>
    <Border ss:Position="Right" ss:LineStyle="Continuous" ss:Weight="1"/>
   </Borders>
   <Font ss:FontName="Arial" x:Family="Swiss"/>
  </Style>
  <Style ss:ID="s93">
   <Alignment ss:Vertical="Bottom" ss:WrapText="1"/>
   <Borders>
    <Border ss:Position="Left" ss:LineStyle="Continuous" ss:Weight="1"/>
    <Border ss:Position="Right" ss:LineStyle="Continuous" ss:Weight="1"/>
   </Borders>
  </Style>
  <Style ss:ID="s94">
   <Borders>
    <Border ss:Position="Left" ss:LineStyle="Continuous" ss:Weight="1"/>
    <Border ss:Position="Right" ss:LineStyle="Continuous" ss:Weight="1"/>
   </Borders>
   <Font ss:FontName="Arial" x:Family="Swiss"/>
   <NumberFormat ss:Format="@"/>
  </Style>
  <Style ss:ID="s95">
   <Font ss:FontName="Arial" x:Family="Swiss"/>
  </Style>
 </Styles>
 <Worksheet ss:Name=".AnimEventEffects">
  <Table ss:ExpandedColumnCount="8" ss:ExpandedRowCount="19" x:FullColumns="1"
   x:FullRows="1" ss:DefaultColumnWidth="58.5">
   <Column ss:StyleID="s62" ss:Width="139.5"/>
   <Column ss:StyleID="s63" ss:Width="200.25"/>
   <Column ss:StyleID="s63" ss:AutoFitWidth="0" ss:Width="156.75"/>
   <Column ss:StyleID="s64" ss:AutoFitWidth="0" ss:Width="66.75"/>
   <Column ss:StyleID="s64" ss:AutoFitWidth="0" ss:Width="79.5"/>
   <Column ss:StyleID="s65" ss:Width="87.75"/>
   <Column ss:Index="8" ss:Width="66.75"/>
   <Row ss:AutoFitHeight="0" ss:StyleID="s66">
    <Cell ss:StyleID="s67"><Data ss:Type="String">AnimEventName</Data></Cell>
    <Cell ss:StyleID="s68"><Data ss:Type="String">Resource</Data></Cell>
    <Cell ss:StyleID="s68"><Data ss:Type="String">Joint</Data></Cell>
    <Cell ss:StyleID="s69"><Data ss:Type="String">Duration</Data></Cell>
    <Cell ss:StyleID="s68"><Data ss:Type="String">KeepLocalPosition</Data></Cell>
    <Cell ss:StyleID="s70"><Data ss:Type="String">Rotation</Data></Cell>
   </Row>
   <Row ss:AutoFitHeight="0" ss:Height="11.25" ss:StyleID="s71">
    <Cell ss:StyleID="s73"><Data ss:Type="String">string</Data></Cell>
    <Cell ss:StyleID="s73"><Data ss:Type="String">string</Data></Cell>
    <Cell ss:StyleID="s73"><Data ss:Type="String">string</Data></Cell>
    <Cell ss:StyleID="s74"><Data ss:Type="String">float</Data></Cell>
    <Cell ss:StyleID="s74"><Data ss:Type="String">bool</Data></Cell>
    <Cell ss:StyleID="s75"><Data ss:Type="String">string</Data></Cell>
   </Row>
   <Row ss:AutoFitHeight="0" ss:Height="11.25" ss:StyleID="s76">
    <Cell ss:StyleID="s78"><Data ss:Type="String">class</Data></Cell>
    <Cell ss:StyleID="s78"><Data ss:Type="String">class</Data></Cell>
    <Cell ss:StyleID="s78"><Data ss:Type="String">class</Data></Cell>
    <Cell ss:StyleID="s79"><Data ss:Type="String">class</Data></Cell>
    <Cell ss:StyleID="s79"><Data ss:Type="String">class</Data></Cell>
    <Cell ss:StyleID="s80"><Data ss:Type="String">class</Data></Cell>
   </Row>
   <Row ss:AutoFitHeight="0" ss:StyleID="s85">
    <Cell ss:StyleID="s81"><Data ss:Type="String">knight_step1</Data></Cell>
    <Cell ss:StyleID="s86"><Data ss:Type="String">mdl:effects/step_smoke.n3</Data></Cell>
    <Cell ss:StyleID="s87"><Data ss:Type="String">jSkn_knight_Rt_toe_foot_1</Data></Cell>
    <Cell ss:StyleID="s88"><Data ss:Type="String">1.5</Data></Cell>
    <Cell ss:StyleID="s88"><Data ss:Type="String">true</Data></Cell>
    <Cell ss:StyleID="s89"><Data ss:Type="String">entity</Data></Cell>
    <Cell ss:StyleID="s90"/>
    <Cell ss:StyleID="s90"/>
   </Row>
   <Row ss:AutoFitHeight="0" ss:StyleID="s85">
    <Cell ss:StyleID="s91"/>
    <Cell ss:StyleID="s86"/>
    <Cell ss:StyleID="s87"/>
    <Cell ss:StyleID="s88"/>
    <Cell ss:StyleID="s88"/>
    <Cell ss:StyleID="s89"/>
    <Cell ss:StyleID="s90"/>
    <Cell ss:StyleID="s90"/>
   </Row>
   <Row ss:AutoFitHeight="0" ss:StyleID="s85">
    <Cell ss:StyleID="s91"/>
    <Cell ss:StyleID="s86"/>
    <Cell ss:StyleID="s87"/>
    <Cell ss:StyleID="s88"/>
    <Cell ss:StyleID="s88"/>
    <Cell ss:StyleID="s89"/>
    <Cell ss:StyleID="s90"/>
    <Cell ss:StyleID="s90"/>
   </Row>
   <Row ss:AutoFitHeight="0" ss:StyleID="s85">
    <Cell ss:StyleID="s91"/>
    <Cell ss:StyleID="s86"/>
    <Cell ss:StyleID="s87"/>
    <Cell ss:StyleID="s88"/>
    <Cell ss:StyleID="s88"/>
    <Cell ss:StyleID="s89"/>
    <Cell ss:StyleID="s90"/>
    <Cell ss:StyleID="s90"/>
   </Row>
   <Row ss:AutoFitHeight="0">
    <Cell ss:StyleID="s92"/>
    <Cell ss:StyleID="s93"/>
    <Cell ss:StyleID="s87"/>
    <Cell ss:StyleID="s88"/>
    <Cell ss:StyleID="s94"/>
    <Cell ss:StyleID="s89"/>
    <Cell ss:StyleID="s95"/>
    <Cell ss:StyleID="s95"/>
   </Row>
   <Row ss:AutoFitHeight="0">
    <Cell ss:StyleID="s92"/>
    <Cell ss:StyleID="s93"/>
    <Cell ss:StyleID="s87"/>
    <Cell ss:StyleID="s88"/>
    <Cell ss:StyleID="s94"/>
    <Cell ss:StyleID="s89"/>
    <Cell ss:StyleID="s95"/>
    <Cell ss:StyleID="s95"/>
   </Row>
   <Row ss:AutoFitHeight="0">
    <Cell ss:StyleID="s92"/>
    <Cell ss:StyleID="s93"/>
    <Cell ss:StyleID="s87"/>
    <Cell ss:StyleID="s88"/>
    <Cell ss:StyleID="s94"/>
    <Cell ss:StyleID="s89"/>
    <Cell ss:StyleID="s95"/>
    <Cell ss:StyleID="s95"/>
   </Row>
   <Row ss:AutoFitHeight="0">
    <Cell ss:StyleID="s92"/>
    <Cell ss:StyleID="s93"/>
    <Cell ss:StyleID="s87"/>
    <Cell ss:StyleID="s88"/>
    <Cell ss:StyleID="s94"/>
    <Cell ss:StyleID="s89"/>
    <Cell ss:StyleID="s95"/>
    <Cell ss:StyleID="s95"/>
   </Row>
   <Row ss:AutoFitHeight="0">
    <Cell ss:StyleID="s92"/>
    <Cell ss:StyleID="s93"/>
    <Cell ss:StyleID="s87"/>
    <Cell ss:StyleID="s88"/>
    <Cell ss:StyleID="s94"/>
    <Cell ss:StyleID="s89"/>
    <Cell ss:StyleID="s95"/>
    <Cell ss:StyleID="s95"/>
   </Row>
   <Row ss:AutoFitHeight="0">
    <Cell ss:Index="2" ss:StyleID="s93"/>
    <Cell ss:StyleID="s87"/>
    <Cell ss:StyleID="s88"/>
    <Cell ss:StyleID="s94"/>
    <Cell ss:StyleID="s89"/>
   </Row>
   <Row ss:AutoFitHeight="0">
    <Cell ss:Index="2" ss:StyleID="s93"/>
    <Cell ss:StyleID="s87"/>
    <Cell ss:Index="5" ss:StyleID="s94"/>
    <Cell ss:StyleID="s89"/>
   </Row>
   <Row ss:AutoFitHeight="0">
    <Cell ss:Index="2" ss:StyleID="s93"/>
    <Cell ss:StyleID="s87"/>
    <Cell ss:StyleID="s88"/>
    <Cell ss:StyleID="s94"/>
    <Cell ss:StyleID="s89"/>
   </Row>
   <Row ss:Index="18" ss:AutoFitHeight="0">
    <Cell ss:Index="2" ss:StyleID="s62"/>
    <Cell ss:Index="5" ss:StyleID="s94"/>
   </Row>
   <Row ss:AutoFitHeight="0">
    <Cell ss:Index="2" ss:StyleID="s62"/>
    <Cell ss:Index="5" ss:StyleID="s94"/>
   </Row>
  </Table>
  <WorksheetOptions xmlns="urn:schemas-microsoft-com:office:excel">
   <PageSetup>
    <Header x:Margin="0.4921259845"/>
    <Footer x:Margin="0.4921259845"/>
    <PageMargins x:Bottom="0.984251969" x:Left="0.78740157499999996"
     x:Right="0.78740157499999996" x:Top="0.984251969"/>
   </PageSetup>
   <Unsynced/>
   <Print>
    <ValidPrinterInfo/>
    <PaperSizeIndex>9</PaperSizeIndex>
    <HorizontalResolution>600</HorizontalResolution>
    <VerticalResolution>600</VerticalResolution>
   </Print>
   <Selected/>
   <FreezePanes/>
   <SplitHorizontal>3</SplitHorizontal>
   <TopRowBottomPane>3</TopRowBottomPane>
   <ActivePane>2</ActivePane>
   <Panes>
    <Pane>
     <Number>3</Number>
    </Pane>
    <Pane>
     <Number>2</Number>
     <ActiveRow>14</ActiveRow>
    </Pane>
   </Panes>
   <ProtectObjects>False</ProtectObjects>
   <ProtectScenarios>False</ProtectScenarios>
  </WorksheetOptions>
 </Worksheet>
</Workbook>
