<?xml version="1.0"?>
<?mso-application progid="Excel.Sheet"?>
<Workbook xmlns="urn:schemas-microsoft-com:office:spreadsheet"
 xmlns:o="urn:schemas-microsoft-com:office:office"
 xmlns:x="urn:schemas-microsoft-com:office:excel"
 xmlns:ss="urn:schemas-microsoft-com:office:spreadsheet"
 xmlns:html="http://www.w3.org/TR/REC-html40">
 <DocumentProperties xmlns="urn:schemas-microsoft-com:office:office">
  <Author>floh</Author>
  <LastAuthor>alexander_pierschel</LastAuthor>
  <Created>2004-06-29T09:20:46Z</Created>
  <LastSaved>2009-05-12T09:46:00Z</LastSaved>
  <Company>Graceland</Company>
  <Version>12.00</Version>
 </DocumentProperties>
 <ExcelWorkbook xmlns="urn:schemas-microsoft-com:office:excel">
  <WindowHeight>12420</WindowHeight>
  <WindowWidth>18540</WindowWidth>
  <WindowTopX>-15</WindowTopX>
  <WindowTopY>-15</WindowTopY>
  <TabRatio>598</TabRatio>
  <RefModeR1C1/>
  <ProtectStructure>False</ProtectStructure>
  <ProtectWindows>False</ProtectWindows>
 </ExcelWorkbook>
 <Styles>
  <Style ss:ID="Default" ss:Name="Normal">
   <Alignment ss:Vertical="Bottom"/>
   <Borders/>
   <Font ss:FontName="Arial" x:Family="Swiss"/>
   <Interior/>
   <NumberFormat/>
   <Protection/>
  </Style>
  <Style ss:ID="s62">
   <Borders/>
  </Style>
  <Style ss:ID="s63">
   <Borders>
    <Border ss:Position="Right" ss:LineStyle="Continuous" ss:Weight="1"/>
   </Borders>
   <NumberFormat ss:Format="@"/>
  </Style>
  <Style ss:ID="s64">
   <Borders>
    <Border ss:Position="Left" ss:LineStyle="Continuous" ss:Weight="1"/>
    <Border ss:Position="Right" ss:LineStyle="Continuous" ss:Weight="1"/>
   </Borders>
   <NumberFormat/>
  </Style>
  <Style ss:ID="s65">
   <Alignment ss:Horizontal="Center" ss:Vertical="Bottom"/>
   <Borders>
    <Border ss:Position="Left" ss:LineStyle="Continuous" ss:Weight="1"/>
   </Borders>
  </Style>
  <Style ss:ID="s68">
   <Alignment ss:Horizontal="Center" ss:Vertical="Bottom"/>
   <Borders/>
   <Font ss:FontName="Arial" x:Family="Swiss" ss:Size="8" ss:Bold="1"/>
   <Interior ss:Color="#FFFF00" ss:Pattern="Solid"/>
  </Style>
  <Style ss:ID="s69">
   <Alignment ss:Horizontal="Center" ss:Vertical="Bottom"/>
   <Borders>
    <Border ss:Position="Right" ss:LineStyle="Continuous" ss:Weight="1"/>
   </Borders>
   <Font ss:FontName="Arial" x:Family="Swiss" ss:Size="8" ss:Bold="1"/>
   <Interior ss:Color="#FFFF00" ss:Pattern="Solid"/>
   <NumberFormat ss:Format="@"/>
  </Style>
  <Style ss:ID="s70">
   <Alignment ss:Horizontal="Center" ss:Vertical="Bottom"/>
   <Borders>
    <Border ss:Position="Left" ss:LineStyle="Continuous" ss:Weight="1"/>
    <Border ss:Position="Right" ss:LineStyle="Continuous" ss:Weight="1"/>
   </Borders>
   <Font ss:FontName="Arial" x:Family="Swiss" ss:Size="8" ss:Bold="1"/>
   <Interior ss:Color="#FFFF00" ss:Pattern="Solid"/>
   <NumberFormat/>
  </Style>
  <Style ss:ID="s71">
   <Alignment ss:Horizontal="Center" ss:Vertical="Bottom"/>
   <Borders>
    <Border ss:Position="Left" ss:LineStyle="Continuous" ss:Weight="1"/>
   </Borders>
   <Font ss:FontName="Arial" x:Family="Swiss" ss:Size="8" ss:Bold="1"/>
   <Interior ss:Color="#FFFF00" ss:Pattern="Solid"/>
   <NumberFormat/>
   <Protection/>
  </Style>
  <Style ss:ID="s72">
   <Alignment ss:Vertical="Bottom"/>
   <Borders/>
   <Font ss:FontName="Arial" x:Family="Swiss"/>
   <Interior ss:Color="#FFFF00" ss:Pattern="Solid"/>
   <NumberFormat/>
   <Protection/>
  </Style>
  <Style ss:ID="s75">
   <Alignment ss:Horizontal="Center" ss:Vertical="Bottom"/>
   <Borders>
    <Border ss:Position="Bottom" ss:LineStyle="Continuous" ss:Weight="1"/>
   </Borders>
   <Font ss:FontName="Arial" x:Family="Swiss" ss:Size="8" ss:Bold="1"/>
   <Interior ss:Color="#FFFF00" ss:Pattern="Solid"/>
  </Style>
  <Style ss:ID="s76">
   <Alignment ss:Horizontal="Center" ss:Vertical="Bottom"/>
   <Borders>
    <Border ss:Position="Bottom" ss:LineStyle="Continuous" ss:Weight="1"/>
    <Border ss:Position="Right" ss:LineStyle="Continuous" ss:Weight="1"/>
   </Borders>
   <Font ss:FontName="Arial" x:Family="Swiss" ss:Size="8" ss:Bold="1"/>
   <Interior ss:Color="#FFFF00" ss:Pattern="Solid"/>
   <NumberFormat ss:Format="@"/>
  </Style>
  <Style ss:ID="s77">
   <Alignment ss:Horizontal="Center" ss:Vertical="Bottom"/>
   <Borders>
    <Border ss:Position="Bottom" ss:LineStyle="Continuous" ss:Weight="1"/>
    <Border ss:Position="Left" ss:LineStyle="Continuous" ss:Weight="1"/>
    <Border ss:Position="Right" ss:LineStyle="Continuous" ss:Weight="1"/>
   </Borders>
   <Font ss:FontName="Arial" x:Family="Swiss" ss:Size="8" ss:Bold="1"/>
   <Interior ss:Color="#FFFF00" ss:Pattern="Solid"/>
   <NumberFormat/>
  </Style>
  <Style ss:ID="s78">
   <Alignment ss:Horizontal="Center" ss:Vertical="Bottom"/>
   <Borders>
    <Border ss:Position="Bottom" ss:LineStyle="Continuous" ss:Weight="1"/>
    <Border ss:Position="Left" ss:LineStyle="Continuous" ss:Weight="1"/>
   </Borders>
   <Font ss:FontName="Arial" x:Family="Swiss" ss:Size="8" ss:Bold="1"/>
   <Interior ss:Color="#FFFF00" ss:Pattern="Solid"/>
   <NumberFormat/>
   <Protection/>
  </Style>
  <Style ss:ID="s79">
   <Alignment ss:Vertical="Bottom"/>
   <Borders>
    <Border ss:Position="Bottom" ss:LineStyle="Continuous" ss:Weight="1"/>
   </Borders>
   <Font ss:FontName="Arial" x:Family="Swiss"/>
   <Interior ss:Color="#FFFF00" ss:Pattern="Solid"/>
   <NumberFormat/>
   <Protection/>
  </Style>
  <Style ss:ID="s80">
   <Alignment ss:Horizontal="Center" ss:Vertical="Bottom"/>
   <Borders>
    <Border ss:Position="Left" ss:LineStyle="Continuous" ss:Weight="1"/>
   </Borders>
   <NumberFormat/>
  </Style>
  <Style ss:ID="s81">
   <Borders>
    <Border ss:Position="Left" ss:LineStyle="Continuous" ss:Weight="1"/>
    <Border ss:Position="Right" ss:LineStyle="Continuous" ss:Weight="1"/>
   </Borders>
   <NumberFormat ss:Format="@"/>
  </Style>
  <Style ss:ID="s82">
   <Borders>
    <Border ss:Position="Left" ss:LineStyle="Continuous" ss:Weight="1"/>
    <Border ss:Position="Right" ss:LineStyle="Continuous" ss:Weight="1"/>
   </Borders>
   <Interior/>
   <NumberFormat/>
  </Style>
 </Styles>
 <Worksheet ss:Name=".AnimEventSound">
  <Table ss:ExpandedColumnCount="12" ss:ExpandedRowCount="24" x:FullColumns="1"
   x:FullRows="1" ss:StyleID="s62" ss:DefaultColumnWidth="60">
   <Column ss:StyleID="s63" ss:AutoFitWidth="0" ss:Width="165"/>
   <Column ss:StyleID="s64" ss:AutoFitWidth="0" ss:Width="153"/>
   <Column ss:StyleID="s65" ss:Width="88.5"/>
   <Row ss:AutoFitHeight="0" ss:Height="11.25" ss:StyleID="s68">
    <Cell ss:StyleID="s69"><Data ss:Type="String">AnimEventName</Data><Comment
      ss:Author="Andre Weissflog"><ss:Data
       xmlns="http://www.w3.org/TR/REC-html40"><B><Font html:Face="Tahoma"
         x:Family="Swiss" html:Size="8" html:Color="#000000">Andre Weissflog:</Font></B><Font
        html:Face="Tahoma" x:Family="Swiss" html:Size="8" html:Color="#000000">&#10;Das entspricht dem Namen des Levels in der Datenbank, als Filename ohne Extension.&#10;</Font></ss:Data></Comment></Cell>
    <Cell ss:StyleID="s70"><Data ss:Type="String">EventName</Data><Comment
      ss:Author="Andre Weissflog"><ss:Data
       xmlns="http://www.w3.org/TR/REC-html40"><B><Font html:Face="Tahoma"
         x:Family="Swiss" html:Size="8" html:Color="#000000">Andre Weissflog:</Font></B><Font
        html:Face="Tahoma" x:Family="Swiss" html:Size="8" html:Color="#000000">&#10;Der im Spiel angezeigte Name fuer die Location.&#10;</Font></ss:Data></Comment></Cell>
    <Cell ss:StyleID="s71"><Data ss:Type="String">EventProjectId</Data></Cell>
    <Cell ss:StyleID="s72"/>
    <Cell ss:StyleID="s72"/>
    <Cell ss:StyleID="s72"/>
    <Cell ss:StyleID="s72"/>
    <Cell ss:StyleID="s72"/>
    <Cell ss:StyleID="s72"/>
    <Cell ss:StyleID="s72"/>
    <Cell ss:StyleID="s72"/>
    <Cell ss:StyleID="s72"/>
   </Row>
   <Row ss:AutoFitHeight="0" ss:Height="11.25" ss:StyleID="s68">
    <Cell ss:StyleID="s69"><Data ss:Type="String">string</Data></Cell>
    <Cell ss:StyleID="s70"><Data ss:Type="String">string</Data></Cell>
    <Cell ss:StyleID="s71"><Data ss:Type="String">string</Data></Cell>
    <Cell ss:StyleID="s72"/>
    <Cell ss:StyleID="s72"/>
    <Cell ss:StyleID="s72"/>
    <Cell ss:StyleID="s72"/>
    <Cell ss:StyleID="s72"/>
    <Cell ss:StyleID="s72"/>
    <Cell ss:StyleID="s72"/>
    <Cell ss:StyleID="s72"/>
    <Cell ss:StyleID="s72"/>
   </Row>
   <Row ss:AutoFitHeight="0" ss:Height="11.25" ss:StyleID="s75">
    <Cell ss:StyleID="s76"><Data ss:Type="String">class</Data></Cell>
    <Cell ss:StyleID="s77"><Data ss:Type="String">class</Data></Cell>
    <Cell ss:StyleID="s78"><Data ss:Type="String">class</Data></Cell>
    <Cell ss:StyleID="s79"/>
    <Cell ss:StyleID="s79"/>
    <Cell ss:StyleID="s79"/>
    <Cell ss:StyleID="s79"/>
    <Cell ss:StyleID="s79"/>
    <Cell ss:StyleID="s79"/>
    <Cell ss:StyleID="s79"/>
    <Cell ss:StyleID="s79"/>
    <Cell ss:StyleID="s79"/>
   </Row>
   <Row>
    <Cell><Data ss:Type="String">test</Data></Cell>
    <Cell><Data ss:Type="String">test</Data></Cell>
    <Cell><Data ss:Type="String">test</Data></Cell>
   </Row>
   <Row ss:Index="10">
    <Cell ss:Index="3" ss:StyleID="s80"/>
   </Row>
   <Row ss:Index="12">
    <Cell ss:Index="2" ss:StyleID="s81"/>
   </Row>
   <Row>
    <Cell ss:Index="2" ss:StyleID="s81"/>
   </Row>
   <Row ss:Index="16">
    <Cell ss:Index="2" ss:StyleID="s82"/>
   </Row>
   <Row ss:Index="24">
    <Cell ss:Index="3" ss:StyleID="s80"/>
   </Row>
  </Table>
  <WorksheetOptions xmlns="urn:schemas-microsoft-com:office:excel">
   <PageSetup>
    <Header x:Margin="0.4921259845"/>
    <Footer x:Margin="0.4921259845"/>
    <PageMargins x:Bottom="0.984251969" x:Left="0.78740157499999996"
     x:Right="0.78740157499999996" x:Top="0.984251969"/>
   </PageSetup>
   <Print>
    <ValidPrinterInfo/>
    <PaperSizeIndex>9</PaperSizeIndex>
    <HorizontalResolution>600</HorizontalResolution>
    <VerticalResolution>600</VerticalResolution>
   </Print>
   <Selected/>
   <Panes>
    <Pane>
     <Number>3</Number>
     <RangeSelection>R1C1:R1C3</RangeSelection>
    </Pane>
   </Panes>
   <ProtectObjects>False</ProtectObjects>
   <ProtectScenarios>False</ProtectScenarios>
  </WorksheetOptions>
 </Worksheet>
</Workbook>
