<?xml version="1.0"?>
<?mso-application progid="Excel.Sheet"?>
<Workbook xmlns="urn:schemas-microsoft-com:office:spreadsheet"
 xmlns:o="urn:schemas-microsoft-com:office:office"
 xmlns:x="urn:schemas-microsoft-com:office:excel"
 xmlns:ss="urn:schemas-microsoft-com:office:spreadsheet"
 xmlns:html="http://www.w3.org/TR/REC-html40">
 <DocumentProperties xmlns="urn:schemas-microsoft-com:office:office">
  <Author>floh</Author>
  <LastAuthor>Andre Weissflog</LastAuthor>
  <Created>2004-06-29T09:20:46Z</Created>
  <LastSaved>2005-07-28T09:21:19Z</LastSaved>
  <Company>Graceland</Company>
  <Version>12.00</Version>
 </DocumentProperties>
 <OfficeDocumentSettings xmlns="urn:schemas-microsoft-com:office:office">
  <DownloadComponents/>
  <LocationOfComponents HRef="file:///D:\"/>
 </OfficeDocumentSettings>
 <ExcelWorkbook xmlns="urn:schemas-microsoft-com:office:excel">
  <WindowHeight>11520</WindowHeight>
  <WindowWidth>15840</WindowWidth>
  <WindowTopX>480</WindowTopX>
  <WindowTopY>105</WindowTopY>
  <TabRatio>737</TabRatio>
  <RefModeR1C1/>
  <ProtectStructure>False</ProtectStructure>
  <ProtectWindows>False</ProtectWindows>
 </ExcelWorkbook>
 <Styles>
  <Style ss:ID="Default" ss:Name="Normal">
   <Alignment ss:Vertical="Bottom"/>
   <Borders/>
   <Font ss:FontName="Arial"/>
   <Interior/>
   <NumberFormat/>
   <Protection/>
  </Style>
  <Style ss:ID="s62">
   <Borders>
    <Border ss:Position="Right" ss:LineStyle="Continuous" ss:Weight="1"/>
   </Borders>
  </Style>
  <Style ss:ID="s63">
   <Borders>
    <Border ss:Position="Left" ss:LineStyle="Continuous" ss:Weight="1"/>
    <Border ss:Position="Right" ss:LineStyle="Continuous" ss:Weight="1"/>
   </Borders>
  </Style>
  <Style ss:ID="s64">
   <NumberFormat ss:Format="@"/>
  </Style>
  <Style ss:ID="s65">
   <Borders>
    <Border ss:Position="Left" ss:LineStyle="Continuous" ss:Weight="1"/>
    <Border ss:Position="Right" ss:LineStyle="Continuous" ss:Weight="1"/>
   </Borders>
   <NumberFormat ss:Format="@"/>
  </Style>
  <Style ss:ID="s66">
   <Alignment ss:Horizontal="Center" ss:Vertical="Bottom"/>
   <Borders/>
   <Font ss:FontName="Arial" x:Family="Swiss" ss:Size="8" ss:Bold="1"/>
   <Interior ss:Color="#FFFF00" ss:Pattern="Solid"/>
  </Style>
  <Style ss:ID="s68">
   <Alignment ss:Horizontal="Center" ss:Vertical="Bottom"/>
   <Borders>
    <Border ss:Position="Right" ss:LineStyle="Continuous" ss:Weight="1"/>
   </Borders>
   <Font ss:FontName="Arial" x:Family="Swiss" ss:Size="8" ss:Bold="1"/>
   <Interior ss:Color="#FFFF00" ss:Pattern="Solid"/>
  </Style>
  <Style ss:ID="s69">
   <Alignment ss:Horizontal="Center" ss:Vertical="Bottom"/>
   <Borders>
    <Border ss:Position="Left" ss:LineStyle="Continuous" ss:Weight="1"/>
    <Border ss:Position="Right" ss:LineStyle="Continuous" ss:Weight="1"/>
   </Borders>
   <Font ss:FontName="Arial" x:Family="Swiss" ss:Size="8" ss:Bold="1"/>
   <Interior ss:Color="#FFFF00" ss:Pattern="Solid"/>
  </Style>
  <Style ss:ID="s70">
   <Alignment ss:Horizontal="Center" ss:Vertical="Bottom"/>
   <Borders>
    <Border ss:Position="Right" ss:LineStyle="Continuous" ss:Weight="1"/>
   </Borders>
   <Font ss:FontName="Arial" x:Family="Swiss" ss:Size="8" ss:Bold="1"/>
   <Interior ss:Color="#FFFF00" ss:Pattern="Solid"/>
   <NumberFormat ss:Format="@"/>
  </Style>
  <Style ss:ID="s71">
   <Alignment ss:Horizontal="Center" ss:Vertical="Bottom"/>
   <Borders>
    <Border ss:Position="Bottom" ss:LineStyle="Continuous" ss:Weight="1"/>
    <Border ss:Position="Left" ss:LineStyle="Continuous" ss:Weight="1"/>
    <Border ss:Position="Right" ss:LineStyle="Continuous" ss:Weight="1"/>
   </Borders>
   <Font ss:FontName="Arial" x:Family="Swiss" ss:Size="8" ss:Bold="1"/>
   <Interior ss:Color="#FFFF00" ss:Pattern="Solid"/>
  </Style>
  <Style ss:ID="s72">
   <Alignment ss:Horizontal="Center" ss:Vertical="Bottom"/>
   <Borders>
    <Border ss:Position="Left" ss:LineStyle="Continuous" ss:Weight="1"/>
    <Border ss:Position="Right" ss:LineStyle="Continuous" ss:Weight="1"/>
   </Borders>
   <Font ss:FontName="Arial" x:Family="Swiss" ss:Size="8" ss:Bold="1"/>
   <Interior ss:Color="#FFFF00" ss:Pattern="Solid"/>
   <NumberFormat ss:Format="@"/>
  </Style>
  <Style ss:ID="s73">
   <Alignment ss:Horizontal="Center" ss:Vertical="Bottom"/>
   <Borders>
    <Border ss:Position="Right" ss:LineStyle="Continuous" ss:Weight="1"/>
   </Borders>
   <Font ss:FontName="Arial" x:Family="Swiss" ss:Size="8" ss:Bold="1"/>
   <Interior ss:Color="#FFFF99" ss:Pattern="Solid"/>
   <NumberFormat ss:Format="@"/>
  </Style>
  <Style ss:ID="s74">
   <Alignment ss:Horizontal="Center" ss:Vertical="Bottom"/>
   <Borders>
    <Border ss:Position="Bottom" ss:LineStyle="Continuous" ss:Weight="1"/>
    <Border ss:Position="Left" ss:LineStyle="Continuous" ss:Weight="1"/>
    <Border ss:Position="Right" ss:LineStyle="Continuous" ss:Weight="1"/>
   </Borders>
   <Font ss:FontName="Arial" x:Family="Swiss" ss:Size="8" ss:Bold="1"/>
   <Interior ss:Color="#FFFF99" ss:Pattern="Solid"/>
   <NumberFormat ss:Format="@"/>
  </Style>
  <Style ss:ID="s76">
   <Alignment ss:Horizontal="Center" ss:Vertical="Bottom"/>
   <Borders>
    <Border ss:Position="Bottom" ss:LineStyle="Continuous" ss:Weight="1"/>
    <Border ss:Position="Top" ss:LineStyle="Continuous" ss:Weight="1"/>
   </Borders>
   <Font ss:FontName="Arial" x:Family="Swiss" ss:Size="8" ss:Bold="1"/>
   <Interior ss:Color="#FFFF00" ss:Pattern="Solid"/>
  </Style>
  <Style ss:ID="s78">
   <Alignment ss:Horizontal="Center" ss:Vertical="Bottom"/>
   <Borders>
    <Border ss:Position="Bottom" ss:LineStyle="Continuous" ss:Weight="1"/>
    <Border ss:Position="Right" ss:LineStyle="Continuous" ss:Weight="1"/>
    <Border ss:Position="Top" ss:LineStyle="Continuous" ss:Weight="1"/>
   </Borders>
   <Font ss:FontName="Arial" x:Family="Swiss" ss:Size="8" ss:Bold="1"/>
   <Interior ss:Color="#FFFF00" ss:Pattern="Solid"/>
  </Style>
  <Style ss:ID="s79">
   <Alignment ss:Horizontal="Center" ss:Vertical="Bottom"/>
   <Borders>
    <Border ss:Position="Bottom" ss:LineStyle="Continuous" ss:Weight="1"/>
    <Border ss:Position="Left" ss:LineStyle="Continuous" ss:Weight="1"/>
    <Border ss:Position="Right" ss:LineStyle="Continuous" ss:Weight="1"/>
    <Border ss:Position="Top" ss:LineStyle="Continuous" ss:Weight="1"/>
   </Borders>
   <Font ss:FontName="Arial" x:Family="Swiss" ss:Size="8" ss:Bold="1"/>
   <Interior ss:Color="#FFFF00" ss:Pattern="Solid"/>
  </Style>
  <Style ss:ID="s80">
   <Alignment ss:Horizontal="Center" ss:Vertical="Bottom"/>
   <Borders>
    <Border ss:Position="Bottom" ss:LineStyle="Continuous" ss:Weight="1"/>
    <Border ss:Position="Right" ss:LineStyle="Continuous" ss:Weight="1"/>
    <Border ss:Position="Top" ss:LineStyle="Continuous" ss:Weight="1"/>
   </Borders>
   <Font ss:FontName="Arial" x:Family="Swiss" ss:Size="8" ss:Bold="1"/>
   <Interior ss:Color="#FFFF00" ss:Pattern="Solid"/>
   <NumberFormat ss:Format="@"/>
  </Style>
  <Style ss:ID="s81">
   <Alignment ss:Horizontal="Center" ss:Vertical="Bottom"/>
   <Borders>
    <Border ss:Position="Bottom" ss:LineStyle="Continuous" ss:Weight="1"/>
    <Border ss:Position="Left" ss:LineStyle="Continuous" ss:Weight="1"/>
    <Border ss:Position="Right" ss:LineStyle="Continuous" ss:Weight="1"/>
    <Border ss:Position="Top" ss:LineStyle="Continuous" ss:Weight="1"/>
   </Borders>
   <Font ss:FontName="Arial" x:Family="Swiss" ss:Size="8" ss:Bold="1"/>
   <Interior ss:Color="#FFFF00" ss:Pattern="Solid"/>
   <NumberFormat ss:Format="@"/>
  </Style>
  <Style ss:ID="s82">
   <Alignment ss:Horizontal="Center" ss:Vertical="Bottom"/>
   <Borders>
    <Border ss:Position="Bottom" ss:LineStyle="Continuous" ss:Weight="1"/>
    <Border ss:Position="Right" ss:LineStyle="Continuous" ss:Weight="1"/>
    <Border ss:Position="Top" ss:LineStyle="Continuous" ss:Weight="1"/>
   </Borders>
   <Font ss:FontName="Arial" x:Family="Swiss" ss:Size="8" ss:Bold="1"/>
   <Interior ss:Color="#FFFF99" ss:Pattern="Solid"/>
  </Style>
  <Style ss:ID="s83">
   <Alignment ss:Horizontal="Center" ss:Vertical="Bottom"/>
   <Borders>
    <Border ss:Position="Bottom" ss:LineStyle="Continuous" ss:Weight="1"/>
    <Border ss:Position="Right" ss:LineStyle="Continuous" ss:Weight="1"/>
    <Border ss:Position="Top" ss:LineStyle="Continuous" ss:Weight="1"/>
   </Borders>
   <Font ss:FontName="Arial" x:Family="Swiss" ss:Size="8" ss:Bold="1"/>
   <Interior ss:Color="#FFFF99" ss:Pattern="Solid"/>
   <NumberFormat ss:Format="@"/>
  </Style>
  <Style ss:ID="s84">
   <Alignment ss:Vertical="Bottom"/>
   <Borders>
    <Border ss:Position="Bottom" ss:LineStyle="Continuous" ss:Weight="1"/>
   </Borders>
   <Font ss:FontName="Arial"/>
   <Interior/>
   <NumberFormat/>
   <Protection/>
  </Style>
  <Style ss:ID="s85">
   <Alignment ss:Horizontal="Center" ss:Vertical="Bottom"/>
   <Borders>
    <Border ss:Position="Bottom" ss:LineStyle="Continuous" ss:Weight="2"/>
   </Borders>
   <Font ss:FontName="Arial" x:Family="Swiss" ss:Size="8" ss:Bold="1"/>
   <Interior ss:Color="#FFFF00" ss:Pattern="Solid"/>
  </Style>
  <Style ss:ID="s87">
   <Alignment ss:Horizontal="Center" ss:Vertical="Bottom"/>
   <Borders>
    <Border ss:Position="Bottom" ss:LineStyle="Continuous" ss:Weight="2"/>
    <Border ss:Position="Right" ss:LineStyle="Continuous" ss:Weight="1"/>
   </Borders>
   <Font ss:FontName="Arial" x:Family="Swiss" ss:Size="8" ss:Bold="1"/>
   <Interior ss:Color="#FFFF00" ss:Pattern="Solid"/>
  </Style>
  <Style ss:ID="s88">
   <Alignment ss:Horizontal="Center" ss:Vertical="Bottom"/>
   <Borders>
    <Border ss:Position="Bottom" ss:LineStyle="Continuous" ss:Weight="2"/>
    <Border ss:Position="Right" ss:LineStyle="Continuous" ss:Weight="1"/>
   </Borders>
   <Font ss:FontName="Arial" x:Family="Swiss" ss:Size="8" ss:Bold="1"/>
   <Interior ss:Color="#FFFF00" ss:Pattern="Solid"/>
   <NumberFormat ss:Format="@"/>
  </Style>
 </Styles>
 <Worksheet ss:Name="Player">
  <Table ss:ExpandedColumnCount="31" ss:ExpandedRowCount="4" x:FullColumns="1"
   x:FullRows="1" ss:DefaultColumnWidth="60" ss:DefaultRowHeight="13.3125">
   <Column ss:StyleID="s62" ss:AutoFitWidth="0" ss:Width="89.25"/>
   <Column ss:StyleID="s63" ss:Width="132.75"/>
   <Column ss:StyleID="s64" ss:AutoFitWidth="0" ss:Width="113.25"/>
   <Column ss:StyleID="s64" ss:AutoFitWidth="0" ss:Width="104.25"/>
   <Column ss:StyleID="s63" ss:AutoFitWidth="0" ss:Width="92.25"/>
   <Column ss:StyleID="s62" ss:AutoFitWidth="0" ss:Width="92.25"/>
   <Column ss:StyleID="s64" ss:AutoFitWidth="0"/>
   <Column ss:StyleID="s64" ss:Width="108"/>
   <Column ss:StyleID="s62" ss:Width="66.75"/>
   <Column ss:StyleID="s63" ss:Width="88.5"/>
   <Column ss:StyleID="s63" ss:AutoFitWidth="0" ss:Width="53.25"/>
   <Column ss:StyleID="s63" ss:AutoFitWidth="0" ss:Width="66"/>
   <Column ss:StyleID="s63" ss:AutoFitWidth="0" ss:Width="82.5"/>
   <Column ss:StyleID="s62" ss:AutoFitWidth="0" ss:Width="75"/>
   <Column ss:StyleID="s63" ss:AutoFitWidth="0" ss:Width="68.25"/>
   <Column ss:StyleID="s62" ss:AutoFitWidth="0" ss:Width="79.5"/>
   <Column ss:StyleID="s65" ss:AutoFitWidth="0"/>
   <Column ss:StyleID="s65" ss:AutoFitWidth="0" ss:Width="61.5" ss:Span="2"/>
   <Column ss:Index="21" ss:AutoFitWidth="0" ss:Width="24" ss:Span="3"/>
   <Column ss:Index="25" ss:AutoFitWidth="0" ss:Width="57.75"/>
   <Column ss:Index="31" ss:AutoFitWidth="0" ss:Width="71.25"/>
   <Row ss:AutoFitHeight="0" ss:Height="11.25" ss:StyleID="s66">
    <Cell ss:StyleID="s68"><Data ss:Type="String">Id</Data></Cell>
    <Cell ss:StyleID="s69"><Data ss:Type="String">Graphics</Data></Cell>
    <Cell ss:StyleID="s70"><Data ss:Type="String">Placeholder</Data></Cell>
    <Cell ss:StyleID="s70"><Data ss:Type="String">Name</Data></Cell>
    <Cell ss:StyleID="s68"><Data ss:Type="String">Physics</Data></Cell>
    <Cell><Data ss:Type="String">CapsuleRadius</Data></Cell>
    <Cell ss:StyleID="s70"><Data ss:Type="String">AnimSet</Data></Cell>
    <Cell ss:StyleID="s70"><Data ss:Type="String">CharacterSet</Data></Cell>
    <Cell ss:StyleID="s68"><Data ss:Type="String">StartAnimation</Data></Cell>
    <Cell ss:StyleID="s71"><Data ss:Type="String">LoopStartAnimation</Data></Cell>
    <Cell ss:StyleID="s71"><Data ss:Type="String">CameraFocus</Data></Cell>
    <Cell ss:StyleID="s71"><Data ss:Type="String">InputFocus</Data></Cell>
    <Cell ss:StyleID="s71"><Data ss:Type="String">IdleAnim</Data></Cell>
    <Cell ss:StyleID="s70"><Data ss:Type="String">WalkAnim</Data></Cell>
    <Cell ss:StyleID="s72"/>
    <Cell ss:StyleID="s73"/>
    <Cell ss:StyleID="s74"/>
    <Cell ss:StyleID="s74"/>
    <Cell ss:StyleID="s74"/>
    <Cell ss:StyleID="s74"><Comment ss:Author="Andre Weissflog"><ss:Data
       xmlns="http://www.w3.org/TR/REC-html40"><B><Font html:Face="Tahoma"
         html:Size="8" html:Color="#000000">Andre Weissflog:</Font></B><Font
        html:Face="Tahoma" html:Size="8" html:Color="#000000">&#10;Ein Beleuchtungs-Tarn-Faktor, mit dem man tunen kann, wie gut ein beleuchteter Character sichtbar ist. Ein Camouflag-Wert von 0.0 macht den Character unsichtbar. Man koennte einem Character mit dunkler Kleidung einen kleineren Wert geben als einen Character mit heller, aber hauptsaechlich ist der Wert zum einfachen Tunen der Sichtbarkeit gedacht.&#10;</Font></ss:Data></Comment></Cell>
    <Cell ss:StyleID="Default"/>
    <Cell ss:StyleID="Default"/>
    <Cell ss:StyleID="Default"/>
    <Cell ss:StyleID="Default"/>
    <Cell ss:StyleID="Default"/>
    <Cell ss:StyleID="Default"/>
    <Cell ss:StyleID="Default"/>
    <Cell ss:StyleID="Default"/>
    <Cell ss:StyleID="Default"/>
    <Cell ss:StyleID="Default"/>
    <Cell ss:StyleID="Default"/>
   </Row>
   <Row ss:AutoFitHeight="0" ss:Height="12" ss:StyleID="s76">
    <Cell ss:StyleID="s78"><Data ss:Type="String">string</Data></Cell>
    <Cell ss:StyleID="s79"><Data ss:Type="String">string</Data></Cell>
    <Cell ss:StyleID="s80"><Data ss:Type="String">string</Data></Cell>
    <Cell ss:StyleID="s80"><Data ss:Type="String">string</Data></Cell>
    <Cell ss:StyleID="s78"><Data ss:Type="String">string</Data></Cell>
    <Cell><Data ss:Type="String">float</Data></Cell>
    <Cell ss:StyleID="s80"><Data ss:Type="String">string</Data></Cell>
    <Cell ss:StyleID="s80"><Data ss:Type="String">string</Data></Cell>
    <Cell ss:StyleID="s78"><Data ss:Type="String">string</Data></Cell>
    <Cell ss:StyleID="s78"><Data ss:Type="String">bool</Data></Cell>
    <Cell ss:StyleID="s78"><Data ss:Type="String">bool</Data></Cell>
    <Cell ss:StyleID="s78"><Data ss:Type="String">bool</Data></Cell>
    <Cell ss:StyleID="s78"><Data ss:Type="String">string</Data></Cell>
    <Cell ss:StyleID="s78"><Data ss:Type="String">string</Data></Cell>
    <Cell ss:StyleID="s81"/>
    <Cell ss:StyleID="s82"/>
    <Cell ss:StyleID="s83"/>
    <Cell ss:StyleID="s83"/>
    <Cell ss:StyleID="s83"/>
    <Cell ss:StyleID="s83"/>
    <Cell ss:StyleID="s84"/>
    <Cell ss:StyleID="s84"/>
    <Cell ss:StyleID="s84"/>
    <Cell ss:StyleID="s84"/>
    <Cell ss:StyleID="s84"/>
    <Cell ss:StyleID="s84"/>
    <Cell ss:StyleID="s84"/>
    <Cell ss:StyleID="s84"/>
    <Cell ss:StyleID="s84"/>
    <Cell ss:StyleID="s84"/>
    <Cell ss:StyleID="s84"/>
   </Row>
   <Row ss:AutoFitHeight="0" ss:Height="12" ss:StyleID="s85">
    <Cell ss:StyleID="s87"><Data ss:Type="String">class</Data></Cell>
    <Cell ss:StyleID="s87"><Data ss:Type="String">class</Data></Cell>
    <Cell ss:StyleID="s88"><Data ss:Type="String">class</Data></Cell>
    <Cell ss:StyleID="s88"><Data ss:Type="String">instance</Data></Cell>
    <Cell ss:StyleID="s87"><Data ss:Type="String">class</Data></Cell>
    <Cell><Data ss:Type="String">class</Data></Cell>
    <Cell ss:StyleID="s88"><Data ss:Type="String">class</Data></Cell>
    <Cell ss:StyleID="s88"><Data ss:Type="String">class</Data></Cell>
    <Cell ss:StyleID="s87"><Data ss:Type="String">class</Data></Cell>
    <Cell ss:StyleID="s87"><Data ss:Type="String">class</Data></Cell>
    <Cell ss:StyleID="s87"><Data ss:Type="String">class</Data></Cell>
    <Cell ss:StyleID="s87"><Data ss:Type="String">class</Data></Cell>
    <Cell ss:StyleID="s87"><Data ss:Type="String">class</Data></Cell>
    <Cell ss:StyleID="s87"><Data ss:Type="String">class</Data></Cell>
    <Cell ss:StyleID="s87"/>
    <Cell ss:StyleID="s87"/>
    <Cell ss:StyleID="s87"/>
    <Cell ss:StyleID="s87"/>
    <Cell ss:StyleID="s87"/>
    <Cell ss:StyleID="s87"/>
    <Cell ss:StyleID="Default"/>
    <Cell ss:StyleID="Default"/>
    <Cell ss:StyleID="Default"/>
    <Cell ss:StyleID="Default"/>
    <Cell ss:StyleID="Default"/>
    <Cell ss:StyleID="Default"/>
    <Cell ss:StyleID="Default"/>
    <Cell ss:StyleID="Default"/>
    <Cell ss:StyleID="Default"/>
    <Cell ss:StyleID="Default"/>
    <Cell ss:StyleID="Default"/>
   </Row>
   <Row ss:AutoFitHeight="0">
    <Cell ss:StyleID="s64"><Data ss:Type="String">mensch</Data></Cell>
    <Cell><Data ss:Type="String">characters/mensch_m</Data></Cell>
    <Cell ss:StyleID="s63"><Data ss:Type="String">examples/avatar</Data></Cell>
    <Cell><Data ss:Type="String">The Player</Data></Cell>
    <Cell ss:Index="6"><Data ss:Type="String">0.5</Data></Cell>
    <Cell><Data ss:Type="String">mensch_m</Data></Cell>
    <Cell><Data ss:Type="String">mann_nackt</Data></Cell>
    <Cell><Data ss:Type="String">idle_01</Data></Cell>
    <Cell><Data ss:Type="String">true</Data></Cell>
    <Cell><Data ss:Type="String">true</Data></Cell>
    <Cell><Data ss:Type="String">true</Data></Cell>
    <Cell><Data ss:Type="String">idle_01</Data></Cell>
    <Cell><Data ss:Type="String">gehen_01</Data></Cell>
   </Row>
  </Table>
  <WorksheetOptions xmlns="urn:schemas-microsoft-com:office:excel">
   <PageSetup>
    <Header x:Margin="0.4921259845"/>
    <Footer x:Margin="0.4921259845"/>
    <PageMargins x:Bottom="0.984251969" x:Left="0.78740157499999996"
     x:Right="0.78740157499999996" x:Top="0.984251969"/>
   </PageSetup>
   <Unsynced/>
   <Print>
    <ValidPrinterInfo/>
    <PaperSizeIndex>9</PaperSizeIndex>
    <HorizontalResolution>300</HorizontalResolution>
    <VerticalResolution>300</VerticalResolution>
   </Print>
   <Selected/>
   <LeftColumnVisible>5</LeftColumnVisible>
   <Panes>
    <Pane>
     <Number>3</Number>
     <ActiveRow>3</ActiveRow>
     <ActiveCol>13</ActiveCol>
    </Pane>
   </Panes>
   <ProtectObjects>False</ProtectObjects>
   <ProtectScenarios>False</ProtectScenarios>
  </WorksheetOptions>
  <DataValidation xmlns="urn:schemas-microsoft-com:office:excel">
   <Range>R2C33:R3C256,R2C1:R2C5,R2C7:R2C20</Range>
   <Type>List</Type>
   <CellRangeList/>
   <Value>&quot;string,int,float,bool,vector3&quot;</Value>
  </DataValidation>
  <DataValidation xmlns="urn:schemas-microsoft-com:office:excel">
   <Range>R3C7:R3C20,R3C1:R3C5</Range>
   <Type>List</Type>
   <CellRangeList/>
   <Value>&quot;class,instance&quot;</Value>
  </DataValidation>
 </Worksheet>
</Workbook>
