<?xml version="1.0"?>
<?mso-application progid="Excel.Sheet"?>
<Workbook xmlns="urn:schemas-microsoft-com:office:spreadsheet"
 xmlns:o="urn:schemas-microsoft-com:office:office"
 xmlns:x="urn:schemas-microsoft-com:office:excel"
 xmlns:ss="urn:schemas-microsoft-com:office:spreadsheet"
 xmlns:html="http://www.w3.org/TR/REC-html40">
 <DocumentProperties xmlns="urn:schemas-microsoft-com:office:office">
  <Author>floh</Author>
  <LastAuthor> </LastAuthor>
  <Created>2004-06-29T09:20:46Z</Created>
  <LastSaved>2008-08-14T11:28:11Z</LastSaved>
  <Company>Graceland</Company>
  <Version>12.00</Version>
 </DocumentProperties>
 <OfficeDocumentSettings xmlns="urn:schemas-microsoft-com:office:office">
  <DownloadComponents/>
  <LocationOfComponents HRef="file:///D:\"/>
 </OfficeDocumentSettings>
 <ExcelWorkbook xmlns="urn:schemas-microsoft-com:office:excel">
  <WindowHeight>11520</WindowHeight>
  <WindowWidth>15840</WindowWidth>
  <WindowTopX>480</WindowTopX>
  <WindowTopY>105</WindowTopY>
  <TabRatio>737</TabRatio>
  <ProtectStructure>False</ProtectStructure>
  <ProtectWindows>False</ProtectWindows>
 </ExcelWorkbook>
 <Styles>
  <Style ss:ID="Default" ss:Name="Normal">
   <Alignment ss:Vertical="Bottom"/>
   <Borders/>
   <Font ss:FontName="Arial"/>
   <Interior/>
   <NumberFormat/>
   <Protection/>
  </Style>
  <Style ss:ID="s62">
   <Borders>
    <Border ss:Position="Right" ss:LineStyle="Continuous" ss:Weight="1"/>
   </Borders>
  </Style>
  <Style ss:ID="s63">
   <Borders>
    <Border ss:Position="Left" ss:LineStyle="Continuous" ss:Weight="1"/>
    <Border ss:Position="Right" ss:LineStyle="Continuous" ss:Weight="1"/>
   </Borders>
  </Style>
  <Style ss:ID="s64">
   <Borders>
    <Border ss:Position="Left" ss:LineStyle="Continuous" ss:Weight="1"/>
    <Border ss:Position="Right" ss:LineStyle="Continuous" ss:Weight="1"/>
   </Borders>
   <NumberFormat ss:Format="@"/>
  </Style>
  <Style ss:ID="s65">
   <Alignment ss:Horizontal="Center" ss:Vertical="Bottom"/>
   <Borders/>
   <Font ss:FontName="Arial" x:Family="Swiss" ss:Size="8" ss:Bold="1"/>
   <Interior ss:Color="#FFFF00" ss:Pattern="Solid"/>
  </Style>
  <Style ss:ID="s67">
   <Alignment ss:Horizontal="Center" ss:Vertical="Bottom"/>
   <Borders>
    <Border ss:Position="Right" ss:LineStyle="Continuous" ss:Weight="1"/>
   </Borders>
   <Font ss:FontName="Arial" x:Family="Swiss" ss:Size="8" ss:Bold="1"/>
   <Interior ss:Color="#FFFF00" ss:Pattern="Solid"/>
  </Style>
  <Style ss:ID="s68">
   <Alignment ss:Horizontal="Center" ss:Vertical="Bottom"/>
   <Borders>
    <Border ss:Position="Left" ss:LineStyle="Continuous" ss:Weight="1"/>
    <Border ss:Position="Right" ss:LineStyle="Continuous" ss:Weight="1"/>
   </Borders>
   <Font ss:FontName="Arial" x:Family="Swiss" ss:Size="8" ss:Bold="1"/>
   <Interior ss:Color="#FFFF00" ss:Pattern="Solid"/>
  </Style>
  <Style ss:ID="s69">
   <Alignment ss:Horizontal="Center" ss:Vertical="Bottom"/>
   <Borders>
    <Border ss:Position="Left" ss:LineStyle="Continuous" ss:Weight="1"/>
    <Border ss:Position="Right" ss:LineStyle="Continuous" ss:Weight="1"/>
   </Borders>
   <Font ss:FontName="Arial" x:Family="Swiss" ss:Size="8" ss:Bold="1"/>
   <Interior ss:Color="#FFFF00" ss:Pattern="Solid"/>
   <NumberFormat ss:Format="@"/>
  </Style>
  <Style ss:ID="s71">
   <Alignment ss:Horizontal="Center" ss:Vertical="Bottom"/>
   <Borders>
    <Border ss:Position="Bottom" ss:LineStyle="Continuous" ss:Weight="1"/>
    <Border ss:Position="Top" ss:LineStyle="Continuous" ss:Weight="1"/>
   </Borders>
   <Font ss:FontName="Arial" x:Family="Swiss" ss:Size="8" ss:Bold="1"/>
   <Interior ss:Color="#FFFF00" ss:Pattern="Solid"/>
  </Style>
  <Style ss:ID="s73">
   <Alignment ss:Horizontal="Center" ss:Vertical="Bottom"/>
   <Borders>
    <Border ss:Position="Bottom" ss:LineStyle="Continuous" ss:Weight="1"/>
    <Border ss:Position="Right" ss:LineStyle="Continuous" ss:Weight="1"/>
    <Border ss:Position="Top" ss:LineStyle="Continuous" ss:Weight="1"/>
   </Borders>
   <Font ss:FontName="Arial" x:Family="Swiss" ss:Size="8" ss:Bold="1"/>
   <Interior ss:Color="#FFFF00" ss:Pattern="Solid"/>
  </Style>
  <Style ss:ID="s74">
   <Alignment ss:Horizontal="Center" ss:Vertical="Bottom"/>
   <Borders>
    <Border ss:Position="Bottom" ss:LineStyle="Continuous" ss:Weight="1"/>
    <Border ss:Position="Left" ss:LineStyle="Continuous" ss:Weight="1"/>
    <Border ss:Position="Right" ss:LineStyle="Continuous" ss:Weight="1"/>
    <Border ss:Position="Top" ss:LineStyle="Continuous" ss:Weight="1"/>
   </Borders>
   <Font ss:FontName="Arial" x:Family="Swiss" ss:Size="8" ss:Bold="1"/>
   <Interior ss:Color="#FFFF00" ss:Pattern="Solid"/>
  </Style>
  <Style ss:ID="s75">
   <Alignment ss:Horizontal="Center" ss:Vertical="Bottom"/>
   <Borders>
    <Border ss:Position="Bottom" ss:LineStyle="Continuous" ss:Weight="1"/>
    <Border ss:Position="Left" ss:LineStyle="Continuous" ss:Weight="1"/>
    <Border ss:Position="Right" ss:LineStyle="Continuous" ss:Weight="1"/>
    <Border ss:Position="Top" ss:LineStyle="Continuous" ss:Weight="1"/>
   </Borders>
   <Font ss:FontName="Arial" x:Family="Swiss" ss:Size="8" ss:Bold="1"/>
   <Interior ss:Color="#FFFF00" ss:Pattern="Solid"/>
   <NumberFormat ss:Format="@"/>
  </Style>
  <Style ss:ID="s76">
   <Alignment ss:Vertical="Bottom"/>
   <Borders>
    <Border ss:Position="Bottom" ss:LineStyle="Continuous" ss:Weight="1"/>
   </Borders>
   <Font ss:FontName="Arial"/>
   <Interior/>
   <NumberFormat/>
   <Protection/>
  </Style>
  <Style ss:ID="s77">
   <Alignment ss:Horizontal="Center" ss:Vertical="Bottom"/>
   <Borders>
    <Border ss:Position="Bottom" ss:LineStyle="Continuous" ss:Weight="2"/>
   </Borders>
   <Font ss:FontName="Arial" x:Family="Swiss" ss:Size="8" ss:Bold="1"/>
   <Interior ss:Color="#FFFF00" ss:Pattern="Solid"/>
  </Style>
  <Style ss:ID="s79">
   <Alignment ss:Horizontal="Center" ss:Vertical="Bottom"/>
   <Borders>
    <Border ss:Position="Bottom" ss:LineStyle="Continuous" ss:Weight="2"/>
    <Border ss:Position="Right" ss:LineStyle="Continuous" ss:Weight="1"/>
   </Borders>
   <Font ss:FontName="Arial" x:Family="Swiss" ss:Size="8" ss:Bold="1"/>
   <Interior ss:Color="#FFFF00" ss:Pattern="Solid"/>
  </Style>
  <Style ss:ID="s80">
   <Borders>
    <Border ss:Position="Left" ss:LineStyle="Continuous" ss:Weight="1"/>
   </Borders>
   <Interior/>
  </Style>
 </Styles>
 <Worksheet ss:Name="Trigger">
  <Table ss:ExpandedColumnCount="23" ss:ExpandedRowCount="34" x:FullColumns="1"
   x:FullRows="1" ss:DefaultColumnWidth="60" ss:DefaultRowHeight="13.3125">
   <Column ss:StyleID="s62" ss:Width="110.25"/>
   <Column ss:StyleID="s63" ss:Width="132"/>
   <Column ss:StyleID="s62" ss:Width="36"/>
   <Column ss:StyleID="s63" ss:Width="116.25"/>
   <Column ss:StyleID="s63" ss:AutoFitWidth="0" ss:Width="86.25"/>
   <Column ss:StyleID="s62" ss:AutoFitWidth="0" ss:Width="90.75"/>
   <Column ss:StyleID="s62" ss:AutoFitWidth="0" ss:Width="106.5"/>
   <Column ss:StyleID="s62" ss:AutoFitWidth="0" ss:Width="96"/>
   <Column ss:StyleID="s62" ss:AutoFitWidth="0" ss:Width="106.5"/>
   <Column ss:StyleID="s64" ss:AutoFitWidth="0" ss:Width="61.5" ss:Span="2"/>
   <Column ss:Index="13" ss:AutoFitWidth="0" ss:Width="24" ss:Span="3"/>
   <Column ss:Index="17" ss:AutoFitWidth="0" ss:Width="57.75"/>
   <Column ss:Index="23" ss:AutoFitWidth="0" ss:Width="71.25"/>
   <Row ss:AutoFitHeight="0" ss:Height="11.25" ss:StyleID="s65">
    <Cell ss:StyleID="s67"><Data ss:Type="String">Id</Data></Cell>
    <Cell ss:StyleID="s68"><Data ss:Type="String">Graphics</Data></Cell>
    <Cell ss:StyleID="s67"><Data ss:Type="String">Shape</Data></Cell>
    <Cell ss:StyleID="s67"><Data ss:Type="String">Name</Data></Cell>
    <Cell ss:StyleID="s67"><Data ss:Type="String">TriggerActive</Data></Cell>
    <Cell ss:StyleID="s69"><Data ss:Type="String">OneWayTrigger</Data></Cell>
    <Cell ss:StyleID="s69"><Data ss:Type="String">TriggerPhaseTime</Data></Cell>
    <Cell ss:StyleID="s69"><Data ss:Type="String">ReactivateTrigger</Data></Cell>
    <Cell ss:StyleID="s69"><Data ss:Type="String">ReactivateTriggerTime</Data></Cell>
    <Cell ss:StyleID="Default"/>
    <Cell ss:StyleID="Default"/>
    <Cell ss:StyleID="Default"/>
    <Cell ss:StyleID="Default"/>
    <Cell ss:StyleID="Default"/>
    <Cell ss:StyleID="Default"/>
    <Cell ss:StyleID="Default"/>
    <Cell ss:StyleID="Default"/>
    <Cell ss:StyleID="Default"/>
    <Cell ss:StyleID="Default"/>
    <Cell ss:StyleID="Default"/>
   </Row>
   <Row ss:AutoFitHeight="0" ss:Height="12" ss:StyleID="s71">
    <Cell ss:StyleID="s73"><Data ss:Type="String">string</Data></Cell>
    <Cell ss:StyleID="s74"><Data ss:Type="String">string</Data></Cell>
    <Cell ss:StyleID="s73"><Data ss:Type="String">string</Data></Cell>
    <Cell ss:StyleID="s73"><Data ss:Type="String">string</Data></Cell>
    <Cell ss:StyleID="s73"><Data ss:Type="String">bool</Data></Cell>
    <Cell ss:StyleID="s75"><Data ss:Type="String">bool</Data></Cell>
    <Cell ss:StyleID="s75"><Data ss:Type="String">float</Data></Cell>
    <Cell ss:StyleID="s75"><Data ss:Type="String">bool</Data></Cell>
    <Cell ss:StyleID="s75"><Data ss:Type="String">float</Data></Cell>
    <Cell ss:StyleID="s76"/>
    <Cell ss:StyleID="s76"/>
    <Cell ss:StyleID="s76"/>
    <Cell ss:StyleID="s76"/>
    <Cell ss:StyleID="s76"/>
    <Cell ss:StyleID="s76"/>
    <Cell ss:StyleID="s76"/>
    <Cell ss:StyleID="s76"/>
    <Cell ss:StyleID="s76"/>
    <Cell ss:StyleID="s76"/>
    <Cell ss:StyleID="s76"/>
   </Row>
   <Row ss:AutoFitHeight="0" ss:Height="12" ss:StyleID="s77">
    <Cell ss:StyleID="s79"><Data ss:Type="String">class</Data></Cell>
    <Cell ss:StyleID="s79"><Data ss:Type="String">class</Data></Cell>
    <Cell ss:StyleID="s79"><Data ss:Type="String">class</Data></Cell>
    <Cell ss:StyleID="s79"><Data ss:Type="String">instance</Data></Cell>
    <Cell ss:StyleID="s79"><Data ss:Type="String">instance</Data></Cell>
    <Cell ss:StyleID="s79"><Data ss:Type="String">instance</Data></Cell>
    <Cell ss:StyleID="s79"><Data ss:Type="String">instance</Data></Cell>
    <Cell ss:StyleID="s79"><Data ss:Type="String">instance</Data></Cell>
    <Cell ss:StyleID="s79"><Data ss:Type="String">instance</Data></Cell>
    <Cell ss:StyleID="Default"/>
    <Cell ss:StyleID="Default"/>
    <Cell ss:StyleID="Default"/>
    <Cell ss:StyleID="Default"/>
    <Cell ss:StyleID="Default"/>
    <Cell ss:StyleID="Default"/>
    <Cell ss:StyleID="Default"/>
    <Cell ss:StyleID="Default"/>
    <Cell ss:StyleID="Default"/>
    <Cell ss:StyleID="Default"/>
    <Cell ss:StyleID="Default"/>
   </Row>
   <Row ss:AutoFitHeight="0" ss:Height="12.75">
    <Cell ss:StyleID="s80"><Data ss:Type="String">DefaultTriggerSphere</Data></Cell>
    <Cell><Data ss:Type="String">dummies/sphereshapetrigger</Data></Cell>
    <Cell ss:StyleID="s63"><Data ss:Type="String">sphere</Data></Cell>
    <Cell><Data ss:Type="String">loc0x_trigger_fixme</Data></Cell>
    <Cell><Data ss:Type="String">true</Data></Cell>
    <Cell ss:StyleID="s64"><Data ss:Type="String">false</Data></Cell>
    <Cell ss:StyleID="s64"><Data ss:Type="String">0.0f</Data></Cell>
    <Cell ss:StyleID="s64"><Data ss:Type="String">false</Data></Cell>
    <Cell ss:StyleID="s64"><Data ss:Type="String">0.0f</Data></Cell>
    <Cell ss:StyleID="Default"/>
    <Cell ss:StyleID="Default"/>
    <Cell ss:StyleID="Default"/>
   </Row>
   <Row ss:AutoFitHeight="0" ss:Height="15">
    <Cell ss:StyleID="s80"><Data ss:Type="String">DefaultTriggerBox</Data></Cell>
    <Cell><Data ss:Type="String">dummies/boxshapetrigger</Data></Cell>
    <Cell ss:StyleID="s63"><Data ss:Type="String">box</Data></Cell>
    <Cell><Data ss:Type="String">loc0x_trigger_fixme</Data></Cell>
    <Cell><Data ss:Type="String">true</Data></Cell>
    <Cell ss:StyleID="s64"><Data ss:Type="String">false</Data></Cell>
    <Cell ss:StyleID="s64"><Data ss:Type="String">0.0f</Data></Cell>
    <Cell ss:StyleID="s64"><Data ss:Type="String">false</Data></Cell>
    <Cell ss:StyleID="s64"><Data ss:Type="String">0.0f</Data></Cell>
    <Cell ss:StyleID="Default"/>
    <Cell ss:StyleID="Default"/>
    <Cell ss:StyleID="Default"/>
   </Row>
   <Row ss:AutoFitHeight="0" ss:Height="15">
    <Cell ss:StyleID="s63"/>
    <Cell ss:Index="3" ss:StyleID="s63"/>
    <Cell ss:Index="6" ss:StyleID="s64"/>
    <Cell ss:StyleID="s64"/>
    <Cell ss:StyleID="s64"/>
    <Cell ss:StyleID="s64"/>
    <Cell ss:StyleID="Default"/>
    <Cell ss:StyleID="Default"/>
    <Cell ss:StyleID="Default"/>
   </Row>
   <Row ss:AutoFitHeight="0" ss:Height="15">
    <Cell ss:Index="3" ss:StyleID="s63"/>
    <Cell ss:Index="6" ss:StyleID="s64"/>
    <Cell ss:StyleID="s64"/>
    <Cell ss:StyleID="s64"/>
    <Cell ss:StyleID="s64"/>
    <Cell ss:StyleID="Default"/>
    <Cell ss:StyleID="Default"/>
    <Cell ss:StyleID="Default"/>
   </Row>
   <Row ss:AutoFitHeight="0" ss:Height="15">
    <Cell ss:Index="3" ss:StyleID="s63"/>
    <Cell ss:StyleID="s62"/>
    <Cell ss:Index="6" ss:StyleID="s64"/>
    <Cell ss:StyleID="s64"/>
    <Cell ss:StyleID="s64"/>
    <Cell ss:StyleID="s64"/>
    <Cell ss:StyleID="Default"/>
    <Cell ss:StyleID="Default"/>
    <Cell ss:StyleID="Default"/>
   </Row>
   <Row ss:AutoFitHeight="0" ss:Height="15">
    <Cell ss:Index="3" ss:StyleID="s63"/>
    <Cell ss:StyleID="s62"/>
    <Cell ss:Index="6" ss:StyleID="s64"/>
    <Cell ss:StyleID="s64"/>
    <Cell ss:StyleID="s64"/>
    <Cell ss:StyleID="s64"/>
    <Cell ss:StyleID="Default"/>
    <Cell ss:StyleID="Default"/>
    <Cell ss:StyleID="Default"/>
   </Row>
   <Row ss:AutoFitHeight="0" ss:Height="15">
    <Cell ss:Index="3" ss:StyleID="s63"/>
    <Cell ss:StyleID="s62"/>
    <Cell ss:Index="6" ss:StyleID="s64"/>
    <Cell ss:StyleID="s64"/>
    <Cell ss:StyleID="s64"/>
    <Cell ss:StyleID="s64"/>
    <Cell ss:StyleID="Default"/>
    <Cell ss:StyleID="Default"/>
    <Cell ss:StyleID="Default"/>
   </Row>
   <Row ss:AutoFitHeight="0" ss:Height="15">
    <Cell ss:Index="3" ss:StyleID="s63"/>
    <Cell ss:StyleID="s62"/>
    <Cell ss:Index="6" ss:StyleID="s64"/>
    <Cell ss:StyleID="s64"/>
    <Cell ss:StyleID="s64"/>
    <Cell ss:StyleID="s64"/>
    <Cell ss:StyleID="Default"/>
    <Cell ss:StyleID="Default"/>
    <Cell ss:StyleID="Default"/>
   </Row>
   <Row ss:AutoFitHeight="0" ss:Height="15">
    <Cell ss:Index="3" ss:StyleID="s63"/>
    <Cell ss:StyleID="s62"/>
    <Cell ss:Index="6" ss:StyleID="s64"/>
    <Cell ss:StyleID="s64"/>
    <Cell ss:StyleID="s64"/>
    <Cell ss:StyleID="s64"/>
    <Cell ss:StyleID="Default"/>
    <Cell ss:StyleID="Default"/>
    <Cell ss:StyleID="Default"/>
   </Row>
   <Row ss:AutoFitHeight="0" ss:Height="12.75">
    <Cell ss:Index="3" ss:StyleID="s63"/>
    <Cell ss:StyleID="s62"/>
    <Cell ss:Index="6" ss:StyleID="s64"/>
    <Cell ss:StyleID="s64"/>
    <Cell ss:StyleID="s64"/>
    <Cell ss:StyleID="s64"/>
    <Cell ss:StyleID="Default"/>
    <Cell ss:StyleID="Default"/>
    <Cell ss:StyleID="Default"/>
   </Row>
   <Row ss:AutoFitHeight="0" ss:Height="15">
    <Cell ss:Index="3" ss:StyleID="s63"/>
    <Cell ss:StyleID="s62"/>
    <Cell ss:Index="6" ss:StyleID="s64"/>
    <Cell ss:StyleID="s64"/>
    <Cell ss:StyleID="s64"/>
    <Cell ss:StyleID="s64"/>
    <Cell ss:StyleID="Default"/>
    <Cell ss:StyleID="Default"/>
    <Cell ss:StyleID="Default"/>
   </Row>
   <Row ss:AutoFitHeight="0" ss:Height="15">
    <Cell ss:Index="3" ss:StyleID="s63"/>
    <Cell ss:StyleID="s62"/>
    <Cell ss:Index="6" ss:StyleID="s64"/>
    <Cell ss:StyleID="s64"/>
    <Cell ss:StyleID="s64"/>
    <Cell ss:StyleID="s64"/>
    <Cell ss:StyleID="Default"/>
    <Cell ss:StyleID="Default"/>
    <Cell ss:StyleID="Default"/>
   </Row>
   <Row ss:AutoFitHeight="0" ss:Height="15">
    <Cell ss:Index="3" ss:StyleID="s63"/>
    <Cell ss:StyleID="s62"/>
    <Cell ss:Index="6" ss:StyleID="s64"/>
    <Cell ss:StyleID="s64"/>
    <Cell ss:StyleID="s64"/>
    <Cell ss:StyleID="s64"/>
    <Cell ss:StyleID="Default"/>
    <Cell ss:StyleID="Default"/>
    <Cell ss:StyleID="Default"/>
   </Row>
   <Row ss:AutoFitHeight="0" ss:Height="15">
    <Cell ss:Index="3" ss:StyleID="s63"/>
    <Cell ss:StyleID="s62"/>
    <Cell ss:Index="6" ss:StyleID="s64"/>
    <Cell ss:StyleID="s64"/>
    <Cell ss:StyleID="s64"/>
    <Cell ss:StyleID="s64"/>
    <Cell ss:StyleID="Default"/>
    <Cell ss:StyleID="Default"/>
    <Cell ss:StyleID="Default"/>
   </Row>
   <Row ss:AutoFitHeight="0" ss:Height="15">
    <Cell ss:Index="3" ss:StyleID="s63"/>
    <Cell ss:StyleID="s62"/>
    <Cell ss:Index="6" ss:StyleID="s64"/>
    <Cell ss:StyleID="s64"/>
    <Cell ss:StyleID="s64"/>
    <Cell ss:StyleID="s64"/>
    <Cell ss:StyleID="Default"/>
    <Cell ss:StyleID="Default"/>
    <Cell ss:StyleID="Default"/>
   </Row>
   <Row ss:AutoFitHeight="0">
    <Cell ss:Index="3" ss:StyleID="s63"/>
    <Cell ss:StyleID="s62"/>
    <Cell ss:Index="6" ss:StyleID="s64"/>
    <Cell ss:StyleID="s64"/>
    <Cell ss:StyleID="s64"/>
    <Cell ss:StyleID="s64"/>
    <Cell ss:StyleID="Default"/>
    <Cell ss:StyleID="Default"/>
    <Cell ss:StyleID="Default"/>
   </Row>
   <Row ss:AutoFitHeight="0">
    <Cell ss:Index="3" ss:StyleID="s63"/>
    <Cell ss:StyleID="s62"/>
    <Cell ss:Index="6" ss:StyleID="s64"/>
    <Cell ss:StyleID="s64"/>
    <Cell ss:StyleID="s64"/>
    <Cell ss:StyleID="s64"/>
    <Cell ss:StyleID="Default"/>
    <Cell ss:StyleID="Default"/>
    <Cell ss:StyleID="Default"/>
   </Row>
   <Row ss:AutoFitHeight="0">
    <Cell ss:Index="3" ss:StyleID="s63"/>
    <Cell ss:StyleID="s62"/>
    <Cell ss:Index="6" ss:StyleID="s64"/>
    <Cell ss:StyleID="s64"/>
    <Cell ss:StyleID="s64"/>
    <Cell ss:StyleID="s64"/>
    <Cell ss:StyleID="Default"/>
    <Cell ss:StyleID="Default"/>
    <Cell ss:StyleID="Default"/>
   </Row>
   <Row ss:AutoFitHeight="0">
    <Cell ss:Index="3" ss:StyleID="s63"/>
    <Cell ss:StyleID="s62"/>
    <Cell ss:Index="6" ss:StyleID="s64"/>
    <Cell ss:StyleID="s64"/>
    <Cell ss:StyleID="s64"/>
    <Cell ss:StyleID="s64"/>
    <Cell ss:StyleID="Default"/>
    <Cell ss:StyleID="Default"/>
    <Cell ss:StyleID="Default"/>
   </Row>
   <Row ss:AutoFitHeight="0">
    <Cell ss:Index="3" ss:StyleID="s63"/>
    <Cell ss:StyleID="s62"/>
    <Cell ss:Index="6" ss:StyleID="s64"/>
    <Cell ss:StyleID="s64"/>
    <Cell ss:StyleID="s64"/>
    <Cell ss:StyleID="s64"/>
    <Cell ss:StyleID="Default"/>
    <Cell ss:StyleID="Default"/>
    <Cell ss:StyleID="Default"/>
   </Row>
   <Row ss:AutoFitHeight="0">
    <Cell ss:Index="3" ss:StyleID="s63"/>
    <Cell ss:StyleID="s62"/>
    <Cell ss:Index="6" ss:StyleID="s64"/>
    <Cell ss:StyleID="s64"/>
    <Cell ss:StyleID="s64"/>
    <Cell ss:StyleID="s64"/>
    <Cell ss:StyleID="Default"/>
    <Cell ss:StyleID="Default"/>
    <Cell ss:StyleID="Default"/>
   </Row>
   <Row ss:AutoFitHeight="0">
    <Cell ss:Index="3" ss:StyleID="s63"/>
    <Cell ss:StyleID="s62"/>
    <Cell ss:Index="6" ss:StyleID="s64"/>
    <Cell ss:StyleID="s64"/>
    <Cell ss:StyleID="s64"/>
    <Cell ss:StyleID="s64"/>
    <Cell ss:StyleID="Default"/>
    <Cell ss:StyleID="Default"/>
    <Cell ss:StyleID="Default"/>
   </Row>
   <Row ss:AutoFitHeight="0">
    <Cell ss:Index="3" ss:StyleID="s63"/>
    <Cell ss:StyleID="s62"/>
    <Cell ss:Index="6" ss:StyleID="s64"/>
    <Cell ss:StyleID="s64"/>
    <Cell ss:StyleID="s64"/>
    <Cell ss:StyleID="s64"/>
    <Cell ss:StyleID="Default"/>
    <Cell ss:StyleID="Default"/>
    <Cell ss:StyleID="Default"/>
   </Row>
   <Row ss:AutoFitHeight="0">
    <Cell ss:Index="3" ss:StyleID="s63"/>
    <Cell ss:StyleID="s62"/>
    <Cell ss:Index="6" ss:StyleID="s64"/>
    <Cell ss:StyleID="s64"/>
    <Cell ss:StyleID="s64"/>
    <Cell ss:StyleID="s64"/>
    <Cell ss:StyleID="Default"/>
    <Cell ss:StyleID="Default"/>
    <Cell ss:StyleID="Default"/>
   </Row>
   <Row ss:AutoFitHeight="0">
    <Cell ss:Index="3" ss:StyleID="s63"/>
    <Cell ss:StyleID="s62"/>
    <Cell ss:Index="6" ss:StyleID="s64"/>
    <Cell ss:StyleID="s64"/>
    <Cell ss:StyleID="s64"/>
    <Cell ss:StyleID="s64"/>
    <Cell ss:StyleID="Default"/>
    <Cell ss:StyleID="Default"/>
    <Cell ss:StyleID="Default"/>
   </Row>
   <Row ss:AutoFitHeight="0">
    <Cell ss:Index="3" ss:StyleID="s63"/>
    <Cell ss:StyleID="s62"/>
    <Cell ss:Index="6" ss:StyleID="s64"/>
    <Cell ss:StyleID="s64"/>
    <Cell ss:StyleID="s64"/>
    <Cell ss:StyleID="s64"/>
    <Cell ss:StyleID="Default"/>
    <Cell ss:StyleID="Default"/>
    <Cell ss:StyleID="Default"/>
   </Row>
   <Row ss:AutoFitHeight="0">
    <Cell ss:Index="3" ss:StyleID="s63"/>
    <Cell ss:StyleID="s62"/>
    <Cell ss:Index="6" ss:StyleID="s64"/>
    <Cell ss:StyleID="s64"/>
    <Cell ss:StyleID="s64"/>
    <Cell ss:StyleID="s64"/>
    <Cell ss:StyleID="Default"/>
    <Cell ss:StyleID="Default"/>
    <Cell ss:StyleID="Default"/>
   </Row>
   <Row ss:AutoFitHeight="0">
    <Cell ss:Index="3" ss:StyleID="s63"/>
    <Cell ss:StyleID="s62"/>
    <Cell ss:Index="6" ss:StyleID="s64"/>
    <Cell ss:StyleID="s64"/>
    <Cell ss:StyleID="s64"/>
    <Cell ss:StyleID="s64"/>
    <Cell ss:StyleID="Default"/>
    <Cell ss:StyleID="Default"/>
    <Cell ss:StyleID="Default"/>
   </Row>
   <Row ss:AutoFitHeight="0">
    <Cell ss:Index="3" ss:StyleID="s63"/>
    <Cell ss:StyleID="s62"/>
    <Cell ss:Index="6" ss:StyleID="s64"/>
    <Cell ss:StyleID="s64"/>
    <Cell ss:StyleID="s64"/>
    <Cell ss:StyleID="s64"/>
    <Cell ss:StyleID="Default"/>
    <Cell ss:StyleID="Default"/>
    <Cell ss:StyleID="Default"/>
   </Row>
   <Row ss:AutoFitHeight="0">
    <Cell ss:Index="3" ss:StyleID="s63"/>
    <Cell ss:StyleID="s62"/>
    <Cell ss:Index="6" ss:StyleID="s64"/>
    <Cell ss:StyleID="s64"/>
    <Cell ss:StyleID="s64"/>
    <Cell ss:StyleID="s64"/>
    <Cell ss:StyleID="Default"/>
    <Cell ss:StyleID="Default"/>
    <Cell ss:StyleID="Default"/>
   </Row>
   <Row ss:AutoFitHeight="0">
    <Cell ss:Index="3" ss:StyleID="s63"/>
    <Cell ss:StyleID="s62"/>
    <Cell ss:Index="6" ss:StyleID="s64"/>
    <Cell ss:StyleID="s64"/>
    <Cell ss:StyleID="s64"/>
    <Cell ss:StyleID="s64"/>
    <Cell ss:StyleID="Default"/>
    <Cell ss:StyleID="Default"/>
    <Cell ss:StyleID="Default"/>
   </Row>
  </Table>
  <WorksheetOptions xmlns="urn:schemas-microsoft-com:office:excel">
   <PageSetup>
    <Header x:Margin="0.4921259845"/>
    <Footer x:Margin="0.4921259845"/>
    <PageMargins x:Bottom="0.984251969" x:Left="0.78740157499999996"
     x:Right="0.78740157499999996" x:Top="0.984251969"/>
   </PageSetup>
   <Unsynced/>
   <Print>
    <ValidPrinterInfo/>
    <PaperSizeIndex>9</PaperSizeIndex>
    <HorizontalResolution>300</HorizontalResolution>
    <VerticalResolution>300</VerticalResolution>
   </Print>
   <Zoom>85</Zoom>
   <Selected/>
   <FreezePanes/>
   <FrozenNoSplit/>
   <SplitVertical>1</SplitVertical>
   <LeftColumnRightPane>1</LeftColumnRightPane>
   <ActivePane>1</ActivePane>
   <Panes>
    <Pane>
     <Number>3</Number>
    </Pane>
    <Pane>
     <Number>1</Number>
     <ActiveRow>8</ActiveRow>
     <ActiveCol>5</ActiveCol>
    </Pane>
   </Panes>
   <ProtectObjects>False</ProtectObjects>
   <ProtectScenarios>False</ProtectScenarios>
  </WorksheetOptions>
  <DataValidation xmlns="urn:schemas-microsoft-com:office:excel">
   <Range>R2C22:R3C251,R2C1:R2C9</Range>
   <Type>List</Type>
   <CellRangeList/>
   <Value>&quot;string,int,float,bool,vector3&quot;</Value>
  </DataValidation>
  <DataValidation xmlns="urn:schemas-microsoft-com:office:excel">
   <Range>R3C1:R3C9</Range>
   <Type>List</Type>
   <CellRangeList/>
   <Value>&quot;class,instance&quot;</Value>
  </DataValidation>
 </Worksheet>
</Workbook>
